#### Empire/Civilisation Names (maximum of 64 Civilisations) ####


##### kjm 021699 - added - this goes into the investigate diplomacy screen
PERSONALITY_DESCRIPTION_BARBARIAN	"Barbaro"
PERSONALITY_DESCRIPTION_SLAVER		"Schiavista"
PERSONALITY_DESCRIPTION_CLERIC		"Prete"
PERSONALITY_DESCRIPTION_WAR_MANY	"Militante"
PERSONALITY_DESCRIPTION_WAR_FEW		"Aggressivo"
PERSONALITY_DESCRIPTION_SCI_MANY	"Pacifico"
PERSONALITY_DESCRIPTION_SCI_FEW		"Amabile"
######

# SAM100798
#
# TEMP LEADER NAME -- PLEASE REMOVE WHEN YOU ADD REAL FEMALE LEADER NAMES
#
TEMP_LEADER_NAME_FEMALE "Giovanna d'Arco"
#
#

# SAM100798
#
# Civilization Leader Pronouns
#

# uncapitalized versions
#
PRONOUN_HE_MALE 	"egli"
PRONOUN_HE_FEMALE 	"ella"
PRONOUN_HIM_MALE 	"lui"
PRONOUN_HIM_FEMALE 	"lei"
PRONOUN_HIS_MALE 	"suo"
PRONOUN_HIS_FEMALE 	"sua"

# capitalized versions
#
PRONOUN_HE_MALE_CAP 	"Egli"
PRONOUN_HE_FEMALE_CAP 	"Ella"
PRONOUN_HIM_MALE_CAP 	"Lui"
PRONOUN_HIM_FEMALE_CAP 	"Lei"
PRONOUN_HIS_MALE_CAP 	"Suo"
PRONOUN_HIS_FEMALE_CAP 	"Sua"

# emissary photos
#
GREEK_DIPLOMAT_PHOTO		"updp023.tga"
AMERICAN_DIPLOMAT_PHOTO		"updp010.tga"
SCOTTISH_DIPLOMAT_PHOTO		"updp044.tga"
IRISH_DIPLOMAT_PHOTO		"updp028.tga"
ENGLISH_DIPLOMAT_PHOTO		"updp019.tga"
NATIVE_AMERICAN_DIPLOMAT_PHOTO	"updp035.tga"
GERMAN_DIPLOMAT_PHOTO		"updp022.tga"
FRENCH_DIPLOMAT_PHOTO		"updp021.tga"
JAPANESE_DIPLOMAT_PHOTO		"updp030.tga"
CHINESE_DIPLOMAT_PHOTO		"updp015.tga"
RUSSIAN_DIPLOMAT_PHOTO		"updp043.tga"
SPANISH_DIPLOMAT_PHOTO		"updp045.tga"
PORTUGUESE_DIPLOMAT_PHOTO	"updp041.tga"
DUTCH_DIPLOMAT_PHOTO		"updp017.tga"
VIKING_DIPLOMAT_PHOTO		"updp048.tga"
ROMAN_DIPLOMAT_PHOTO		"updp042.tga"
EGYPTIAN_DIPLOMAT_PHOTO		"updp018.tga"
PERSIAN_DIPLOMAT_PHOTO		"updp038.tga"
TURKISH_DIPLOMAT_PHOTO		"updp047.tga"
PHOENICIAN_DIPLOMAT_PHOTO	"updp039.tga"
WELSH_DIPLOMAT_PHOTO		"updp049.tga"
CUBAN_DIPLOMAT_PHOTO		"updp016.tga"
ZULU_DIPLOMAT_PHOTO		"updp050.tga"
HEBREW_DIPLOMAT_PHOTO		"updp024.tga"
ASSYRIAN_DIPLOMAT_PHOTO		"updp011.tga"
INDIAN_DIPLOMAT_PHOTO		"updp026.tga"
THAI_DIPLOMAT_PHOTO		"updp046.tga"
POLYNESIAN_DIPLOMAT_PHOTO	"updp040.tga"
INDONESIAN_DIPLOMAT_PHOTO	"updp027.tga"
JAMAICAN_DIPLOMAT_PHOTO		"updp029.tga"
INCAN_DIPLOMAT_PHOTO		"updp025.tga"
MAYAN_DIPLOMAT_PHOTO		"updp032.tga"
CANADIAN_DIPLOMAT_PHOTO		"updp014.tga"
NIGERIAN_DIPLOMAT_PHOTO		"updp037.tga"
KOREAN_DIPLOMAT_PHOTO		"updp031.tga"
BRAZILIAN_DIPLOMAT_PHOTO	"updp013.tga"
AUSTRALIAN_DIPLOMAT_PHOTO	"updp012.tga"
MEXICAN_DIPLOMAT_PHOTO		"updp033.tga"
ETHIOPIAN_DIPLOMAT_PHOTO	"updp020.tga"
MONGOLIAN_DIPLOMAT_PHOTO	"updp034.tga"
NICARAGUAN_DIPLOMAT_PHOTO	"updp036.tga"

AFRICAN_MAN_PHOTO		"updp050.tga"

ARABIAN_DIPLOMAT_PHOTO		"updp050.tga"
AUSTRIAN_DIPLOMAT_PHOTO		"updp050.tga"
NUBIAN_DIPLOMAT_PHOTO		"updp050.tga"
BYZANTINE_DIPLOMAT_PHOTO	"updp050.tga"
CELTIC_DIPLOMAT_PHOTO		"updp050.tga"
BABYLONIAN_DIPLOMAT_PHOTO	"updp050.tga"
CARTHAGINIAN_DIPLOMAT_PHOTO	"updp050.tga"
SWEDISH_DIPLOMAT_PHOTO		"updp050.tga"
AZTEC_DIPLOMAT_PHOTO		"updp050.tga"


## Insert as portion of Strings.txt	
	
BARBARIAN "Barbarians"

BARBARIAN_LEADERM_NAME "Attila"
BARBARIAN_LEADERF_NAME "Tannis"
BARBARIAN_SINGULAR "Barbaro"
BARBARIAN_PLURAL "Barbari"
BARBARIAN_COUNTRY_NAME "Terre razziate"

BARBARIAN_CITY_1 "Vandali"
BARBARIAN_CITY_2 "Ostrogoti"
BARBARIAN_CITY_3 "Visigoti"
BARBARIAN_CITY_4 "Burgundi"
BARBARIAN_CITY_5 "Longobardi"
BARBARIAN_CITY_6 "Pictish"
BARBARIAN_CITY_7 "Huns"
BARBARIAN_CITY_8 "Celts"
BARBARIAN_CITY_9 "Norse"
BARBARIAN_CITY_10 "Gauls"
BARBARIAN_CITY_11 "Alamanni"
BARBARIAN_CITY_12 "Jutes"
BARBARIAN_CITY_13 "Anglos"
BARBARIAN_CITY_14 "Saxons"
BARBARIAN_CITY_15 "Macomanni"
BARBARIAN_CITY_16 "Cherusci"
BARBARIAN_CITY_17 "Franks"
BARBARIAN_CITY_18 "Tuetons"
BARBARIAN_CITY_19 "Bulgars"
BARBARIAN_CITY_20 "Alamans"
BARBARIAN_CITY_21 "Suebians"
BARBARIAN_CITY_22 "Frisians"
BARBARIAN_CITY_23 "Avars"
BARBARIAN_CITY_24 "Magyars"
BARBARIAN_CITY_25 "Gepids"
BARBARIAN_CITY_26 "Alans"
BARBARIAN_CITY_27 "Rugians"
BARBARIAN_CITY_28 "Suevi"
BARBARIAN_CITY_29 "Lombards"
BARBARIAN_CITY_30 "Thuringians"


GREEK "Greci"

GREEK_LEADERM_NAME "Alessandro Magno"
GREEK_LEADERF_NAME "Elena"
GREEK_COUNTRY_NAME "Grecia"
GREEK_SINGULAR "Greco"
GREEK_PLURAL "Greci"

GREEK_CITY_1 "Atene"
GREEK_CITY_2 "Sparta"
GREEK_CITY_3 "Corinto"
GREEK_CITY_4 "Olimpia"
GREEK_CITY_5 "Troia"
GREEK_CITY_6 "Delfi"
GREEK_CITY_7 "Argo"
GREEK_CITY_8 "Rodi"
GREEK_CITY_9 "Micene"
GREEK_CITY_10 "Pilo"
GREEK_CITY_11 "Cnosso"
GREEK_CITY_12 "Bisanzio"
GREEK_CITY_13 "Mileto"
GREEK_CITY_14 "Megara"
GREEK_CITY_15 "Maratona"
GREEK_CITY_16 "Termopili"
GREEK_CITY_17 "Tessalonica"
GREEK_CITY_18 "Stagira"
GREEK_CITY_19 "Anactorium"
GREEK_CITY_20 "Corcyra"
GREEK_CITY_21 "Epidaurus"
GREEK_CITY_22 "Alicarnasso"
GREEK_CITY_23 "Polidaea"
GREEK_CITY_24 "Tegea"
GREEK_CITY_25 "Mytilene"
GREEK_CITY_26 "Amphipolis"
GREEK_CITY_27 "Efeso"
GREEK_CITY_28 "Melos"
GREEK_CITY_29 "Philippi"
GREEK_CITY_30 "Lesbo"
GREEK_CITY_31 "Taras"
GREEK_CITY_32 "Sybaris"
GREEK_CITY_33 "Rhegion"
GREEK_CITY_34 "Syracuse"
GREEK_CITY_35 "Gela"
GREEK_CITY_36 "Akragas"
GREEK_CITY_37 "Himera"
GREEK_CITY_38 "Abdera"
GREEK_CITY_39 "Chalcedon"
GREEK_CITY_40 "Phokaia"
GREEK_CITY_41 "Kolophon"
GREEK_CITY_42 "Dodona"
GREEK_CITY_43 "Ambracia"
GREEK_CITY_44 "Itanos"
GREEK_CITY_45 "Herakleia"
GREEK_CITY_46 "Sestos"
GREEK_CITY_47 "Ialysos"
GREEK_CITY_48 "Kameiros"
GREEK_CITY_49 "Samos"
GREEK_CITY_50 "Thasos"


AMERICANS "Americani"

AMERICAN_LEADERM_NAME "George Washington"
AMERICAN_LEADERF_NAME "Susan B. Anthony"
AMERICAN_COUNTRY_NAME "America"
AMERICAN_SINGULAR "Americano"
AMERICAN_PLURAL "Americani"

AMERICAN_CITY_1 "Washington D.C."
AMERICAN_CITY_2 "Boston"
AMERICAN_CITY_3 "Philadelphia"
AMERICAN_CITY_4 "New York"
AMERICAN_CITY_5 "San Francisco"
AMERICAN_CITY_6 "Atlanta"
AMERICAN_CITY_7 "Chicago"
AMERICAN_CITY_8 "Richmond"
AMERICAN_CITY_9 "San Diego"
AMERICAN_CITY_10 "Kansas City"
AMERICAN_CITY_11 "New Orleans"
AMERICAN_CITY_12 "Miami"
AMERICAN_CITY_13 "Minneapolis"
AMERICAN_CITY_14 "Detroit"
AMERICAN_CITY_15 "Cleveland"
AMERICAN_CITY_16 "Indianapolis"
AMERICAN_CITY_17 "Milwaukee"
AMERICAN_CITY_18 "Springfield"
AMERICAN_CITY_19 "Little Rock"
AMERICAN_CITY_20 "Los Angeles"
AMERICAN_CITY_21 "Las Vegas"
AMERICAN_CITY_22 "Baltimore"
AMERICAN_CITY_23 "Nashville"
AMERICAN_CITY_24 "Anchorage"
AMERICAN_CITY_25 "Dallas"
AMERICAN_CITY_26 "Omaha"
AMERICAN_CITY_27 "Denver"
AMERICAN_CITY_28 "Portland"
AMERICAN_CITY_29 "Seattle"
AMERICAN_CITY_30 "Santa Fe"
AMERICAN_CITY_31 "Columbia"
AMERICAN_CITY_32 "Raleigh"
AMERICAN_CITY_33 "Sacramento"
AMERICAN_CITY_34 "Boise"
AMERICAN_CITY_35 "Louisville"
AMERICAN_CITY_36 "Fort Worth"
AMERICAN_CITY_37 "Des Moines"
AMERICAN_CITY_38 "Bangor"
AMERICAN_CITY_39 "Pittsburgh"
AMERICAN_CITY_40 "Tampa"
AMERICAN_CITY_41 "Birmingham"
AMERICAN_CITY_42 "Albany"
AMERICAN_CITY_43 "Jacksonville"
AMERICAN_CITY_44 "Witchita"
AMERICAN_CITY_45 "Oklahoma City"
AMERICAN_CITY_46 "Cheyenne"
AMERICAN_CITY_47 "Salt Lake City"
AMERICAN_CITY_48 "Cincinnati"
AMERICAN_CITY_49 "Columbus"
AMERICAN_CITY_50 "La Jolla"


SCOTTISH "Scozzesi"

SCOTTISH_LEADERM_NAME "William Wallace"
SCOTTISH_LEADERF_NAME "Mary Stuart"
SCOTTISH_COUNTRY_NAME "Scozia"
SCOTTISH_SINGULAR "Scozzese"
SCOTTISH_PLURAL "Scozzesi"

SCOTTISH_CITY_1 "Glasgow"
SCOTTISH_CITY_2 "Edimburgo"
SCOTTISH_CITY_3 "Stirling"
SCOTTISH_CITY_4 "Perth"
SCOTTISH_CITY_5 "Falkirk"
SCOTTISH_CITY_6 "Dunbar"
SCOTTISH_CITY_7 "Muir of Ord"
SCOTTISH_CITY_8 "Gairloch"
SCOTTISH_CITY_9 "Aberdeen"
SCOTTISH_CITY_10 "Kilmarnock"
SCOTTISH_CITY_11 "Cowdenbeath"
SCOTTISH_CITY_12 "Nairn"
SCOTTISH_CITY_13 "Bathgate"
SCOTTISH_CITY_14 "Linlithgow"
SCOTTISH_CITY_15 "Inverness"
SCOTTISH_CITY_16 "Melrose"
SCOTTISH_CITY_17 "Rothesay"
SCOTTISH_CITY_18 "Monifieth"
SCOTTISH_CITY_19 "Aviemore"
SCOTTISH_CITY_20 "Kirkcaldy"
SCOTTISH_CITY_21 "Fraserburgh"
SCOTTISH_CITY_22 "Portlethen"
SCOTTISH_CITY_23 "Glenrothes"
SCOTTISH_CITY_24 "Dufftown"
SCOTTISH_CITY_25 "Findhorn"
SCOTTISH_CITY_26 "Borgue"
SCOTTISH_CITY_27 "Lockerbie"
SCOTTISH_CITY_28 "Dalkeith"
SCOTTISH_CITY_29 "Gretna"
SCOTTISH_CITY_30 "Dingwall"
SCOTTISH_CITY_31 "Skigersta"
SCOTTISH_CITY_32 "Garrabost"
SCOTTISH_CITY_33 "Shader"
SCOTTISH_CITY_34 "Dell"
SCOTTISH_CITY_35 "Shawbost"
SCOTTISH_CITY_36 "Bragar"
SCOTTISH_CITY_37 "Finsbay"
SCOTTISH_CITY_38 "Daliburgh"
SCOTTISH_CITY_39 "Hallin"
SCOTTISH_CITY_40 "Staffin"
SCOTTISH_CITY_41 "Melvaig"
SCOTTISH_CITY_42 "Cullen"
SCOTTISH_CITY_43 "Reay"
SCOTTISH_CITY_44 "Kirtomy"
SCOTTISH_CITY_45 "Rinns"
SCOTTISH_CITY_46 "Sarclet"
SCOTTISH_CITY_47 "Thrumster"
SCOTTISH_CITY_48 "Letham"
SCOTTISH_CITY_49 "Crail"
SCOTTISH_CITY_50 "Dirleton"


IRISH "Irlandesi"

IRISH_LEADERM_NAME "Brian Boru"
IRISH_LEADERF_NAME "Isabella Gregory"
IRISH_COUNTRY_NAME "Irlanda"
IRISH_SINGULAR "Irlandese"
IRISH_PLURAL "Irlandesi"

IRISH_CITY_1 "Dublino"
IRISH_CITY_2 "Blarney"
IRISH_CITY_3 "Waterford"
IRISH_CITY_4 "Cork"
IRISH_CITY_5 "Limerick"
IRISH_CITY_6 "Galway"
IRISH_CITY_7 "Donegal Town"
IRISH_CITY_8 "Sligo"
IRISH_CITY_9 "Allenwood"
IRISH_CITY_10 "Glaslough"
IRISH_CITY_11 "Killinick"
IRISH_CITY_12 "Portmarnock"
IRISH_CITY_13 "Newbridge"
IRISH_CITY_14 "Wicklow"
IRISH_CITY_15 "Dunshaughlin"
IRISH_CITY_16 "Midleton"
IRISH_CITY_17 "Glencullen"
IRISH_CITY_18 "Tallaght"
IRISH_CITY_19 "Arklow"
IRISH_CITY_20 "Blackrock"
IRISH_CITY_21 "Macroom"
IRISH_CITY_22 "Kiltimagh"
IRISH_CITY_23 "Ballyknockan"
IRISH_CITY_24 "Monaghan"
IRISH_CITY_25 "Dunkineely"
IRISH_CITY_26 "Rathgormack"
IRISH_CITY_27 "Mullingar"
IRISH_CITY_28 "Clifden"
IRISH_CITY_29 "Edenderry"
IRISH_CITY_30 "Skibbereen"


ENGLISH "Inglesi"

ENGLISH_LEADERM_NAME "Winston Churchill"
ENGLISH_LEADERF_NAME "Elisabetta I"
ENGLISH_COUNTRY_NAME "Inghilterra"
ENGLISH_SINGULAR "Inglese"
ENGLISH_PLURAL "Inglesi"

ENGLISH_CITY_1 "Londra"
ENGLISH_CITY_2 "Birmingham"
ENGLISH_CITY_3 "Canterbury"
ENGLISH_CITY_4 "Manchester"
ENGLISH_CITY_5 "Liverpool"
ENGLISH_CITY_6 "Cambridge"
ENGLISH_CITY_7 "Bedford"
ENGLISH_CITY_8 "Winchester"
ENGLISH_CITY_9 "York"
ENGLISH_CITY_10 "Norwich"
ENGLISH_CITY_11 "Worcester"
ENGLISH_CITY_12 "Hastings"
ENGLISH_CITY_13 "Brighton"
ENGLISH_CITY_14 "Stratford"
ENGLISH_CITY_15 "Oxford"
ENGLISH_CITY_16 "Gloucester"
ENGLISH_CITY_17 "Bath"
ENGLISH_CITY_18 "Newcastle"
ENGLISH_CITY_19 "Southampton"
ENGLISH_CITY_20 "Portsmouth"
ENGLISH_CITY_21 "Coventry"
ENGLISH_CITY_22 "Derby"
ENGLISH_CITY_23 "Exeter"
ENGLISH_CITY_24 "Leeds"
ENGLISH_CITY_25 "St.Ives"
ENGLISH_CITY_26 "Dover"
ENGLISH_CITY_27 "Shrewsbury"
ENGLISH_CITY_28 "Lincoln"
ENGLISH_CITY_29 "Richmond"
ENGLISH_CITY_30 "Bristol"
ENGLISH_CITY_31 "Beverly"
ENGLISH_CITY_32 "Berkeley"
ENGLISH_CITY_33 "Carlisle"
ENGLISH_CITY_34 "Whitehaven"
ENGLISH_CITY_35 "Penrith"
ENGLISH_CITY_36 "Bradford"
ENGLISH_CITY_37 "Nottingham"
ENGLISH_CITY_38 "Kingston"
ENGLISH_CITY_39 "Deal"
ENGLISH_CITY_40 "Torbay"
ENGLISH_CITY_41 "Penzance"
ENGLISH_CITY_42 "Chester"
ENGLISH_CITY_43 "Blackpool"
ENGLISH_CITY_44 "Wellington"
ENGLISH_CITY_45 "Daventry"
ENGLISH_CITY_46 "Spalding"
ENGLISH_CITY_47 "Brixton"
ENGLISH_CITY_48 "East Finchley"
ENGLISH_CITY_49 "Bridgwater"
ENGLISH_CITY_50 "Muswell Hill"


NATIVE_AMERICAN "Indiani americani"
### North America primarily
NATIVE_AMERICAN_LEADERM_NAME "Toro Seduto"
NATIVE_AMERICAN_LEADERF_NAME "Sacajewa"
NATIVE_AMERICAN_COUNTRY_NAME "Nord America"
NATIVE_AMERICAN_SINGULAR "Indiano americano"
NATIVE_AMERICAN_PLURAL "Indiani americani"

NATIVE_AMERICAN_CITY_1 "Sioux"
NATIVE_AMERICAN_CITY_2 "Cherokee"
NATIVE_AMERICAN_CITY_3 "Mohawk"
NATIVE_AMERICAN_CITY_4 "Iroquois"
NATIVE_AMERICAN_CITY_5 "Navajo"
NATIVE_AMERICAN_CITY_6 "Apache"
NATIVE_AMERICAN_CITY_7 "Seminole"
NATIVE_AMERICAN_CITY_8 "Nez Perce"
NATIVE_AMERICAN_CITY_9 "Cheyenne"
NATIVE_AMERICAN_CITY_10 "Commanche"
NATIVE_AMERICAN_CITY_11 "Inuit"
NATIVE_AMERICAN_CITY_12 "Chickasaw"
NATIVE_AMERICAN_CITY_13 "Hopi"
NATIVE_AMERICAN_CITY_14 "Blackfoot"
NATIVE_AMERICAN_CITY_15 "Havasupai"
NATIVE_AMERICAN_CITY_16 "Kiowa"
NATIVE_AMERICAN_CITY_17 "Ojibwe"
NATIVE_AMERICAN_CITY_18 "Wyandot"
NATIVE_AMERICAN_CITY_19 "Secwepemc"
NATIVE_AMERICAN_CITY_20 "Zuni"
NATIVE_AMERICAN_CITY_21 "Tulalip"
NATIVE_AMERICAN_CITY_22 "Powhatan"
NATIVE_AMERICAN_CITY_23 "Shinnecock"
NATIVE_AMERICAN_CITY_24 "Taino"
NATIVE_AMERICAN_CITY_25 "Choctaw"
NATIVE_AMERICAN_CITY_26 "Abenaki"
NATIVE_AMERICAN_CITY_27 "Chumash"
NATIVE_AMERICAN_CITY_28 "Potawatomi"
NATIVE_AMERICAN_CITY_29 "Umpqua"
NATIVE_AMERICAN_CITY_30 "Mechoopda"
NATIVE_AMERICAN_CITY_31 "Dakota"
NATIVE_AMERICAN_CITY_32 "Crow"
NATIVE_AMERICAN_CITY_33 "Omaha"
NATIVE_AMERICAN_CITY_34 "Pawnee"
NATIVE_AMERICAN_CITY_35 "Oglala"
NATIVE_AMERICAN_CITY_36 "Adirondack"
NATIVE_AMERICAN_CITY_37 "Arapaho"
NATIVE_AMERICAN_CITY_38 "Chenango"
NATIVE_AMERICAN_CITY_39 "Cree"
NATIVE_AMERICAN_CITY_40 "Missouri"
NATIVE_AMERICAN_CITY_41 "Arkansas"
NATIVE_AMERICAN_CITY_42 "Cheektowaga"
NATIVE_AMERICAN_CITY_43 "Lackawanna"
NATIVE_AMERICAN_CITY_44 "Simcoe"
NATIVE_AMERICAN_CITY_45 "Niagara"
NATIVE_AMERICAN_CITY_46 "Lycoming"
NATIVE_AMERICAN_CITY_47 "Tioga"
NATIVE_AMERICAN_CITY_48 "Iowa"
NATIVE_AMERICAN_CITY_49 "Niskayuna"
NATIVE_AMERICAN_CITY_50 "Cohoes"


GERMAN "Tedeschi"

GERMAN_LEADERM_NAME "Otto Von Bismarck"
GERMAN_LEADERF_NAME "Brunhild"
GERMAN_COUNTRY_NAME "Germania"
GERMAN_SINGULAR "Tedesco"
GERMAN_PLURAL "Tedeschi"

GERMAN_CITY_1 "Berlino"
GERMAN_CITY_2 "Monaco"
GERMAN_CITY_3 "Amburgo"
GERMAN_CITY_4 "Brema"
GERMAN_CITY_5 "Leipzig"
GERMAN_CITY_6 "Francoforte"
GERMAN_CITY_7 "Dusseldorf"
GERMAN_CITY_8 "Hannover"
GERMAN_CITY_9 "Essenheim"
GERMAN_CITY_10 "Stoccarda"
GERMAN_CITY_11 "Cologne"
GERMAN_CITY_12 "Dortmund"
GERMAN_CITY_13 "Heidelberg"
GERMAN_CITY_14 "Nuremburg"
GERMAN_CITY_15 "Bonn"
GERMAN_CITY_16 "Duisberg"
GERMAN_CITY_17 "Bacharach"
GERMAN_CITY_18 "Saarbrucken"
GERMAN_CITY_19 "Berchtesgaden"
GERMAN_CITY_20 "Magdeburg"
GERMAN_CITY_21 "Wurzburg"
GERMAN_CITY_22 "Kaiserslautern"
GERMAN_CITY_23 "Kiel"
GERMAN_CITY_24 "Koblenz"
GERMAN_CITY_25 "Halle"
GERMAN_CITY_26 "Muenster"
GERMAN_CITY_27 "Dresda"
GERMAN_CITY_28 "Gunzburg"
GERMAN_CITY_29 "Schwetzingen"
GERMAN_CITY_30 "Warstein"
GERMAN_CITY_31 "Rostok"
GERMAN_CITY_32 "Lubeck"
GERMAN_CITY_33 "Gotha"
GERMAN_CITY_34 "Erfurt"
GERMAN_CITY_35 "Gera"
GERMAN_CITY_36 "Chemnitz"
GERMAN_CITY_37 "Cottbus"
GERMAN_CITY_38 "Bremerhaven"
GERMAN_CITY_39 "Oldenburg"
GERMAN_CITY_40 "Osnabruk"
GERMAN_CITY_41 "Hassfurt"
GERMAN_CITY_42 "Offenbach"
GERMAN_CITY_43 "Regensburg"
GERMAN_CITY_44 "Augsburg"
GERMAN_CITY_45 "Mainz"
GERMAN_CITY_46 "Freiburg"
GERMAN_CITY_47 "Heilbronn"
GERMAN_CITY_48 "Ulm"
GERMAN_CITY_49 "Kassel"
GERMAN_CITY_50 "Salzgitter"


FRENCH "Francesi"

FRENCH_LEADERM_NAME "Napoleone"
FRENCH_LEADERF_NAME "Éléonore D'Aquitane"
FRENCH_COUNTRY_NAME "Francia"
FRENCH_SINGULAR "Francese"
FRENCH_PLURAL "Francesi"

FRENCH_CITY_1 "Parigi"
FRENCH_CITY_2 "Tolosa"
FRENCH_CITY_3 "Strasburgo"
FRENCH_CITY_4 "Rennes"
FRENCH_CITY_5 "Tours"
FRENCH_CITY_6 "Rouen"
FRENCH_CITY_7 "Cannes"
FRENCH_CITY_8 "Nizza"
FRENCH_CITY_9 "Bordeaux"
FRENCH_CITY_10 "Lille"
FRENCH_CITY_11 "Digione"
FRENCH_CITY_12 "Marsiglia"
FRENCH_CITY_13 "Versailles"
FRENCH_CITY_14 "Faverges"
FRENCH_CITY_15 "Chartres"
FRENCH_CITY_16 "Avignone"
FRENCH_CITY_17 "Giverny"
FRENCH_CITY_18 "St.Tropez"
FRENCH_CITY_19 "Vernon"
FRENCH_CITY_20 "Pauillac"
FRENCH_CITY_21 "Bourges"
FRENCH_CITY_22 "Lorient"
FRENCH_CITY_23 "Le Mans"
FRENCH_CITY_24 "Saint-Etienne"
FRENCH_CITY_25 "Vitrolles"
FRENCH_CITY_26 "Orleans"
FRENCH_CITY_27 "Evian"
FRENCH_CITY_28 "Chantilly"
FRENCH_CITY_29 "Arbois"
FRENCH_CITY_30 "Montreuil"
FRENCH_CITY_31 "Mulhouse"
FRENCH_CITY_32 "Grenoble"
FRENCH_CITY_33 "Limoges"
FRENCH_CITY_34 "Vichy"
FRENCH_CITY_35 "Toulon"
FRENCH_CITY_36 "Arles"
FRENCH_CITY_37 "Carcassonne"
FRENCH_CITY_38 "Clermont-Ferrand"
FRENCH_CITY_39 "Perpignan"
FRENCH_CITY_40 "Caen"
FRENCH_CITY_41 "Annency"
FRENCH_CITY_42 "Angers"
FRENCH_CITY_43 "St. Nazaire"
FRENCH_CITY_44 "Nantes"
FRENCH_CITY_45 "Brest"
FRENCH_CITY_46 "Bayonne"
FRENCH_CITY_47 "Moulins"
FRENCH_CITY_48 "Reims"
FRENCH_CITY_49 "Metz"
FRENCH_CITY_50 "Abbeville"


JAPANESE "Giapponesi"

JAPANESE_LEADERM_NAME "Minamoto"
JAPANESE_LEADERF_NAME "Shikibu Murasaki"
JAPANESE_COUNTRY_NAME "Giappone"
JAPANESE_SINGULAR "Giapponese"
JAPANESE_PLURAL "Giapponesi"

JAPANESE_CITY_1 "Kyoto"
JAPANESE_CITY_2 "Osaka"
JAPANESE_CITY_3 "Satsuma"
JAPANESE_CITY_4 "Edo"
JAPANESE_CITY_5 "Nagoya"
JAPANESE_CITY_6 "Yokohama"
JAPANESE_CITY_7 "Matsuyama"
JAPANESE_CITY_8 "Odawara"
JAPANESE_CITY_9 "Hiroshima"
JAPANESE_CITY_10 "Kimobetsu"
JAPANESE_CITY_11 "Gamagori"
JAPANESE_CITY_12 "Sapporo"
JAPANESE_CITY_13 "Fukushima"
JAPANESE_CITY_14 "Kagoshima"
JAPANESE_CITY_15 "Nikko"
JAPANESE_CITY_16 "Okazaki"
JAPANESE_CITY_17 "Chichibu"
JAPANESE_CITY_18 "Tsukaba"
JAPANESE_CITY_19 "Nagano"
JAPANESE_CITY_20 "Miyoshi"
JAPANESE_CITY_21 "Wakamatsu"
JAPANESE_CITY_22 "Sendai"
JAPANESE_CITY_23 "Hirakata"
JAPANESE_CITY_24 "Toyohashi"
JAPANESE_CITY_25 "Kobe"
JAPANESE_CITY_26 "Kawasaki"
JAPANESE_CITY_27 "Mishima"
JAPANESE_CITY_28 "Fukuoka"
JAPANESE_CITY_29 "Nagasaki"
JAPANESE_CITY_30 "Fujinomiya"
JAPANESE_CITY_31 "Tokyo"
JAPANESE_CITY_32 "Iwaki"
JAPANESE_CITY_33 "Hakodate"
JAPANESE_CITY_34 "Akita"
JAPANESE_CITY_35 "Hachinohe"
JAPANESE_CITY_36 "Aomori"
JAPANESE_CITY_37 "Ishinomaki"
JAPANESE_CITY_38 "Niigata"
JAPANESE_CITY_39 "Koriyama"
JAPANESE_CITY_40 "Koga"
JAPANESE_CITY_41 "Ota"
JAPANESE_CITY_42 "Komatsu"
JAPANESE_CITY_43 "Fukui"
JAPANESE_CITY_44 "Yonago"
JAPANESE_CITY_45 "Onomitchi"
JAPANESE_CITY_46 "Ube"
JAPANESE_CITY_47 "Oita"
JAPANESE_CITY_48 "Tagawa"
JAPANESE_CITY_49 "Miyazaki"
JAPANESE_CITY_50 "Naha"


CHINESE "Cinesi"

CHINESE_LEADERM_NAME "Mao Tse-Tung "
CHINESE_LEADERF_NAME "Wu Zhao"
CHINESE_COUNTRY_NAME "Cina"
CHINESE_SINGULAR "Cinese"
CHINESE_PLURAL "Cinesi"

CHINESE_CITY_1 "Luoyang"
CHINESE_CITY_2 "Chang'an"
CHINESE_CITY_3 "Xianyang"
CHINESE_CITY_4 "Nanjing"
CHINESE_CITY_5 "Hangzhou"
CHINESE_CITY_6 "Chengdu"
CHINESE_CITY_7 "Guangzhou"
CHINESE_CITY_8 "Fuzhou"
CHINESE_CITY_9 "Yangzhou"
CHINESE_CITY_10 "Taiyuan"
CHINESE_CITY_11 "Danyang"
CHINESE_CITY_12 "Changsha"
CHINESE_CITY_13 "Zichuan"
CHINESE_CITY_14 "Liangzhou"
CHINESE_CITY_15 "Ji"
CHINESE_CITY_16 "Puyang"
CHINESE_CITY_17 "Handan"
CHINESE_CITY_18 "Daliang"
CHINESE_CITY_19 "Anyi"
CHINESE_CITY_20 "Wu"
CHINESE_CITY_21 "Guiji"
CHINESE_CITY_22 "Ying"
CHINESE_CITY_23 "Pengli"
CHINESE_CITY_24 "Lingling"
CHINESE_CITY_25 "Guiyang"
CHINESE_CITY_26 "Qufu"
CHINESE_CITY_27 "Dunhuang"
CHINESE_CITY_28 "Turfan"
CHINESE_CITY_29 "Changye"
CHINESE_CITY_30 "Dali"
CHINESE_CITY_31 "Pechino"
CHINESE_CITY_32 "Shanghai"
CHINESE_CITY_33 "Xiangtan"
CHINESE_CITY_34 "Jixi"
CHINESE_CITY_35 "Haicheng"
CHINESE_CITY_36 "Baoding"
CHINESE_CITY_37 "Kunming"
CHINESE_CITY_38 "Nanhai"
CHINESE_CITY_39 "Shenzhen"
CHINESE_CITY_40 "Shantung"
CHINESE_CITY_41 "Zhenjiang"
CHINESE_CITY_42 "Fuyang"
CHINESE_CITY_43 "Shenyang"
CHINESE_CITY_44 "Zibo"
CHINESE_CITY_45 "Nantong"
CHINESE_CITY_46 "Chongqing"
CHINESE_CITY_47 "Xiamen"
CHINESE_CITY_48 "Panjin"
CHINESE_CITY_49 "Jiangyin"
CHINESE_CITY_50 "Yantai"


RUSSIAN "Russi"

RUSSIAN_LEADERM_NAME "Ivan il Terribile"
RUSSIAN_LEADERF_NAME "Caterina la Grande "
RUSSIAN_COUNTRY_NAME "Russia"
RUSSIAN_SINGULAR "Russo"
RUSSIAN_PLURAL "Russi"

RUSSIAN_CITY_1 "Mosca"
RUSSIAN_CITY_2 "Kiev"
RUSSIAN_CITY_3 "San Pietroburgo"
RUSSIAN_CITY_4 "Sebastopoli"
RUSSIAN_CITY_5 "Smolensk"
RUSSIAN_CITY_6 "Minsk"
RUSSIAN_CITY_7 "Novosibirsk"
RUSSIAN_CITY_8 "Astrakhan"
RUSSIAN_CITY_9 "Saratov"
RUSSIAN_CITY_10 "Novgorod"
RUSSIAN_CITY_11 "Tblisi"
RUSSIAN_CITY_12 "Ekaterinburg"
RUSSIAN_CITY_13 "Samara"
RUSSIAN_CITY_14 "Kursk"
RUSSIAN_CITY_15 "Vladivostok"
RUSSIAN_CITY_16 "Odessa"
RUSSIAN_CITY_17 "Kazan"
RUSSIAN_CITY_18 "Chelyabinsk"
RUSSIAN_CITY_19 "Bryansk"
RUSSIAN_CITY_20 "Tyumen"
RUSSIAN_CITY_21 "Tomsk"
RUSSIAN_CITY_22 "Barnaul"
RUSSIAN_CITY_23 "Tver"
RUSSIAN_CITY_24 "Irkutsk"
RUSSIAN_CITY_25 "Akademgorodok"
RUSSIAN_CITY_26 "Khabarovsk"
RUSSIAN_CITY_27 "Magnitogorsk"
RUSSIAN_CITY_28 "Taganrog"
RUSSIAN_CITY_29 "Kalingrad"
RUSSIAN_CITY_30 "Omsk"
RUSSIAN_CITY_31 "Stavropol"
RUSSIAN_CITY_32 "Grozny"
RUSSIAN_CITY_33 "Ufa"
RUSSIAN_CITY_34 "Yekaterinburg"
RUSSIAN_CITY_35 "Orsk"
RUSSIAN_CITY_36 "Nizhniy Tagil"
RUSSIAN_CITY_37 "Kirov"
RUSSIAN_CITY_38 "Kostroma"
RUSSIAN_CITY_39 "Arkhangelsk"
RUSSIAN_CITY_40 "Murmansk"
RUSSIAN_CITY_41 "Kaluga"
RUSSIAN_CITY_42 "Orel"
RUSSIAN_CITY_43 "Penza"
RUSSIAN_CITY_44 "Tambov"
RUSSIAN_CITY_45 "Donetsk"
RUSSIAN_CITY_46 "Dnipropetrovsk"
RUSSIAN_CITY_47 "Vladimir"
RUSSIAN_CITY_48 "Nizhniy Novgorod"
RUSSIAN_CITY_49 "Murom"
RUSSIAN_CITY_50 "Pskov"


SPANISH "Spagnoli"

SPANISH_LEADERM_NAME "Ferdinando"
SPANISH_LEADERF_NAME "Isabella"
SPANISH_COUNTRY_NAME "Spagna"
SPANISH_SINGULAR "Spagnolo"
SPANISH_PLURAL "Spagnoli"

SPANISH_CITY_1 "Madrid"
SPANISH_CITY_2 "Barcellona"
SPANISH_CITY_3 "Granada"
SPANISH_CITY_4 "Siviglia"
SPANISH_CITY_5 "Toledo"
SPANISH_CITY_6 "Leon"
SPANISH_CITY_7 "Cordoba"
SPANISH_CITY_8 "Ibiza"
SPANISH_CITY_9 "Pamplona"
SPANISH_CITY_10 "Salamanca"
SPANISH_CITY_11 "Minorca"
SPANISH_CITY_12 "Igualada"
SPANISH_CITY_13 "Cartagena"
SPANISH_CITY_14 "San Roque"
SPANISH_CITY_15 "Las Matas"
SPANISH_CITY_16 "Maiorca"
SPANISH_CITY_17 "Saragozza"
SPANISH_CITY_18 "Alicante"
SPANISH_CITY_19 "Bilbao"
SPANISH_CITY_20 "Mojacar"
SPANISH_CITY_21 "Pontevedra"
SPANISH_CITY_22 "Montellano"
SPANISH_CITY_23 "Pasajes"
SPANISH_CITY_24 "El Campello"
SPANISH_CITY_25 "Villaviciosa"
SPANISH_CITY_26 "Malaga"
SPANISH_CITY_27 "Cartagena"
SPANISH_CITY_28 "Montefrio"
SPANISH_CITY_29 "Avila"
SPANISH_CITY_30 "Segovia"
SPANISH_CITY_31 "Palma"
SPANISH_CITY_32 "Castellon de la Plana"
SPANISH_CITY_33 "Mahon"
SPANISH_CITY_34 "Santander"
SPANISH_CITY_35 "Gijon"
SPANISH_CITY_36 "La Coruna"
SPANISH_CITY_37 "Soria"
SPANISH_CITY_38 "Valladolid"
SPANISH_CITY_39 "Badajoz"
SPANISH_CITY_40 "Almeria"
SPANISH_CITY_41 "Valencia"
SPANISH_CITY_42 "Murcia"
SPANISH_CITY_43 "Burgos"
SPANISH_CITY_44 "Oviedo"
SPANISH_CITY_45 "Baracaldo"
SPANISH_CITY_46 "San Sebastian"
SPANISH_CITY_47 "Huelva"
SPANISH_CITY_48 "Vitoria"
SPANISH_CITY_49 "Cuenca"
SPANISH_CITY_50 "Avila"


PORTUGUESE "Portoghesi"

PORTUGUESE_LEADERM_NAME "Vasco da Gama"
PORTUGUESE_LEADERF_NAME "Maria II"
PORTUGUESE_COUNTRY_NAME "Portogallo"
PORTUGUESE_SINGULAR "Portoghese"
PORTUGUESE_PLURAL "Portoghesi"

PORTUGUESE_CITY_1 "Lisbona"
PORTUGUESE_CITY_2 "Porto"
PORTUGUESE_CITY_3 "Lagos"
PORTUGUESE_CITY_4 "Portalegre"
PORTUGUESE_CITY_5 "Pico"
PORTUGUESE_CITY_6 "Funchal"
PORTUGUESE_CITY_7 "Portalegre"
PORTUGUESE_CITY_8 "Coimbra"
PORTUGUESE_CITY_9 "Quarteira"
PORTUGUESE_CITY_10 "Guarda"
PORTUGUESE_CITY_11 "Montijo"
PORTUGUESE_CITY_12 "Terceira"
PORTUGUESE_CITY_13 "Estoril"
PORTUGUESE_CITY_14 "Covilha"
PORTUGUESE_CITY_15 "Aveiro"
PORTUGUESE_CITY_16 "Oeiras"
PORTUGUESE_CITY_17 "Cascais"
PORTUGUESE_CITY_18 "Soajo"
PORTUGUESE_CITY_19 "Ponta Delgada"
PORTUGUESE_CITY_20 "Santa Maria"
PORTUGUESE_CITY_21 "Santarem"
PORTUGUESE_CITY_22 "Famalicao"
PORTUGUESE_CITY_23 "Tavira"
PORTUGUESE_CITY_24 "Guimaraes"
PORTUGUESE_CITY_25 "Santa Miguel"
PORTUGUESE_CITY_26 "Cedros"
PORTUGUESE_CITY_27 "Fulores"
PORTUGUESE_CITY_28 "Albufeira"
PORTUGUESE_CITY_29 "Loule"
PORTUGUESE_CITY_30 "Alcoutim"
PORTUGUESE_CITY_31 "Crato"
PORTUGUESE_CITY_32 "Elvas"
PORTUGUESE_CITY_33 "Evora"
PORTUGUESE_CITY_34 "Beja"
PORTUGUESE_CITY_35 "Vila Real"
PORTUGUESE_CITY_36 "Chaves"
PORTUGUESE_CITY_37 "Braga"
PORTUGUESE_CITY_38 "Vila de Conde"
PORTUGUESE_CITY_39 "Almada"
PORTUGUESE_CITY_40 "Portimao"
PORTUGUESE_CITY_41 "Faro"
PORTUGUESE_CITY_42 "Castelo Branco"
PORTUGUESE_CITY_43 "Braganca"
PORTUGUESE_CITY_44 "Lamego"
PORTUGUESE_CITY_45 "Viseu"
PORTUGUESE_CITY_46 "Peniche"
PORTUGUESE_CITY_47 "Marateca"
PORTUGUESE_CITY_48 "Setubal"
PORTUGUESE_CITY_49 "Grandola"
PORTUGUESE_CITY_50 "Sines"


DUTCH "Olandesi"

DUTCH_LEADERM_NAME "Guglielmo I"
DUTCH_LEADERF_NAME "Guglielmina"
DUTCH_COUNTRY_NAME "Olanda"
DUTCH_SINGULAR "Olandese"
DUTCH_PLURAL "Olandesi"

DUTCH_CITY_1 "Amsterdam"
DUTCH_CITY_2 "L'Aia"
DUTCH_CITY_3 "Arnhem"
DUTCH_CITY_4 "Middleburg"
DUTCH_CITY_5 "Leeuwarden"
DUTCH_CITY_6 "Assen"
DUTCH_CITY_7 "Groningen"
DUTCH_CITY_8 "Utrecht"
DUTCH_CITY_9 "Hertogenbosch"
DUTCH_CITY_10 "Maastricht"
DUTCH_CITY_11 "Vlaardingen"
DUTCH_CITY_12 "Eindhoven"
DUTCH_CITY_13 "Dordrecht"
DUTCH_CITY_14 "Zeist"
DUTCH_CITY_15 "Apeldoorn"
DUTCH_CITY_16 "Rotterdam"
DUTCH_CITY_17 "Den Helder"
DUTCH_CITY_18 "Leiderdorp"
DUTCH_CITY_19 "Hoofddorp"
DUTCH_CITY_20 "Zannstad"
DUTCH_CITY_21 "Vlissingen"
DUTCH_CITY_22 "Gouda"
DUTCH_CITY_23 "Leiden"
DUTCH_CITY_24 "Heerenveen"
DUTCH_CITY_25 "Venlo"
DUTCH_CITY_26 "Sittard"
DUTCH_CITY_27 "Ede"
DUTCH_CITY_28 "Hoorn"
DUTCH_CITY_29 "Breukelen"
DUTCH_CITY_30 "Haarlem"
DUTCH_CITY_31 "Weert"
DUTCH_CITY_32 "Aalten"
DUTCH_CITY_33 "Heerlen"
DUTCH_CITY_34 "Vaais"
DUTCH_CITY_35 "Tilburg"
DUTCH_CITY_36 "Veghel"
DUTCH_CITY_37 "Echt"
DUTCH_CITY_38 "Volendam"
DUTCH_CITY_39 "Monster"
DUTCH_CITY_40 "Hoogeveen"
DUTCH_CITY_41 "Winschoten"
DUTCH_CITY_42 "Heiloo"
DUTCH_CITY_43 "Alkmaar"
DUTCH_CITY_44 "Leeuwarden"
DUTCH_CITY_45 "Oldebroek"
DUTCH_CITY_46 "Meppel"
DUTCH_CITY_47 "Enschede"
DUTCH_CITY_48 "Haaksbergen"
DUTCH_CITY_49 "Goes"
DUTCH_CITY_50 "Warga"


VIKING "Vichinghi"

VIKING_LEADERM_NAME "Sweyn Forkbeard"
VIKING_LEADERF_NAME "Thyra Danebod"
VIKING_COUNTRY_NAME "Nazione Vichinga"
VIKING_SINGULAR "Vichingo"
VIKING_PLURAL "Vichinghi"

VIKING_CITY_1 "Trondheim"
VIKING_CITY_2 "Hladir"
VIKING_CITY_3 "Kaupang"
VIKING_CITY_4 "Uppsala"
VIKING_CITY_5 "Roskilde"
VIKING_CITY_6 "Viborg"
VIKING_CITY_7 "Goteborg"
VIKING_CITY_8 "Odense"
VIKING_CITY_9 "Bergen"
VIKING_CITY_10 "Linkoping"
VIKING_CITY_11 "Jarlshof"
VIKING_CITY_12 "Bornholm"
VIKING_CITY_13 "Alesund"
VIKING_CITY_14 "Koping"
VIKING_CITY_15 "Tampere"
VIKING_CITY_16 "Stavanger"
VIKING_CITY_17 "Aalborg"
VIKING_CITY_18 "Copenaghen"
VIKING_CITY_19 "Tromso"
VIKING_CITY_20 "Harstad"
VIKING_CITY_21 "Hammerfest"
VIKING_CITY_22 "Ostersund"
VIKING_CITY_23 "Stavanger"
VIKING_CITY_24 "Sundsvall"
VIKING_CITY_25 "Karlstad"
VIKING_CITY_26 "Groenbjerg"
VIKING_CITY_27 "Nykoping"
VIKING_CITY_28 "Brumunddal"
VIKING_CITY_29 "Helsingborg"
VIKING_CITY_30 "Ringerike"
VIKING_CITY_31 "Jelling"
VIKING_CITY_32 "Tune"
VIKING_CITY_33 "Askerkarr"
VIKING_CITY_34 "Paviken"
VIKING_CITY_35 "Ribe"
VIKING_CITY_36 "Hafrsfjord"
VIKING_CITY_37 "Skuldelev"
VIKING_CITY_38 "Ladby"
VIKING_CITY_39 "Larne"
VIKING_CITY_40 "Nyborg"
VIKING_CITY_41 "Holmgard"
VIKING_CITY_42 "Nonnebakken"
VIKING_CITY_43 "Thwaite"
VIKING_CITY_44 "Askrigg"
VIKING_CITY_45 "Trelleborg"
VIKING_CITY_46 "Risby"
VIKING_CITY_47 "Vorbasse"
VIKING_CITY_48 "Fyrkat"
VIKING_CITY_49 "Kvivik"
VIKING_CITY_50 "Aldeigjuborg"


ROMAN "Romani"

ROMAN_LEADERM_NAME "Giulio Cesare"
ROMAN_LEADERF_NAME "Livia Drusilla"
ROMAN_COUNTRY_NAME "Roma"
ROMAN_SINGULAR "Romano"
ROMAN_PLURAL "Romani"

ROMAN_CITY_1 "Roma"
ROMAN_CITY_2 "Pompei"
ROMAN_CITY_3 "Anzio"
ROMAN_CITY_4 "Virconium"
ROMAN_CITY_5 "Apollonia"
ROMAN_CITY_6 "Augustodunum"
ROMAN_CITY_7 "Napoli"
ROMAN_CITY_8 "Agrippina"
ROMAN_CITY_9 "Ostia"
ROMAN_CITY_10 "Londinium"
ROMAN_CITY_11 "Eburacum"
ROMAN_CITY_12 "Taranto"
ROMAN_CITY_13 "Brindisi"
ROMAN_CITY_14 "Veii"
ROMAN_CITY_15 "Aquila"
ROMAN_CITY_16 "Sirmium"
ROMAN_CITY_17 "Hispalis"
ROMAN_CITY_18 "Siracusa"
ROMAN_CITY_19 "Gerusalemme"
ROMAN_CITY_20 "Firenze"
ROMAN_CITY_21 "Banonia"
ROMAN_CITY_22 "Nicomedia"
ROMAN_CITY_23 "Vindonissa"
ROMAN_CITY_24 "Argentoratum"
ROMAN_CITY_25 "Nemausus"
ROMAN_CITY_26 "Siscia"
ROMAN_CITY_27 "Asturica"
ROMAN_CITY_28 "Viminiacium"
ROMAN_CITY_29 "Agrigento"
ROMAN_CITY_30 "Genova"
ROMAN_CITY_31 "Salonae"
ROMAN_CITY_32 "Aquincum"
ROMAN_CITY_33 "Axima"
ROMAN_CITY_34 "Burdigala"
ROMAN_CITY_35 "Deva"
ROMAN_CITY_36 "Lindum"
ROMAN_CITY_37 "Castra Regina"
ROMAN_CITY_38 "Carnuntum"
ROMAN_CITY_39 "Virunum"
ROMAN_CITY_40 "Novae"
ROMAN_CITY_41 "Noviomagus"
ROMAN_CITY_42 "Agentorate"
ROMAN_CITY_43 "Narbo"
ROMAN_CITY_44 "Massilia"
ROMAN_CITY_45 "Carales"
ROMAN_CITY_46 "Emerita Augusta"
ROMAN_CITY_47 "Tingis"
ROMAN_CITY_48 "Perinthus"
ROMAN_CITY_49 "Paphus"
ROMAN_CITY_50 "Bostra"


EGYPTIAN "Egizi"

EGYPTIAN_LEADERM_NAME "Ramses"
EGYPTIAN_LEADERF_NAME "Hatshepsut"
EGYPTIAN_COUNTRY_NAME "Egitto"
EGYPTIAN_SINGULAR "Egiziano"
EGYPTIAN_PLURAL "Egiziani"

EGYPTIAN_CITY_1 "Thebes"
EGYPTIAN_CITY_2 "Memphis"
EGYPTIAN_CITY_3 "Karnak"
EGYPTIAN_CITY_4 "Luxor"
EGYPTIAN_CITY_5 "Giza"
EGYPTIAN_CITY_6 "Elephantine"
EGYPTIAN_CITY_7 "Oryx"
EGYPTIAN_CITY_8 "Abydos"
EGYPTIAN_CITY_9 "Busiris"
EGYPTIAN_CITY_10 "Athribis"
EGYPTIAN_CITY_11 "Tanis"
EGYPTIAN_CITY_12 "Bubastis"
EGYPTIAN_CITY_13 "El-Amarna"
EGYPTIAN_CITY_14 "Akhmim"
EGYPTIAN_CITY_15 "Armant"
EGYPTIAN_CITY_16 "Sakha"
EGYPTIAN_CITY_17 "Lisht"
EGYPTIAN_CITY_18 "Balat"
EGYPTIAN_CITY_19 "Hawara"
EGYPTIAN_CITY_20 "Abusir"
EGYPTIAN_CITY_21 "Edfu"
EGYPTIAN_CITY_22 "Buto"
EGYPTIAN_CITY_23 "Ikkur"
EGYPTIAN_CITY_24 "Esna"
EGYPTIAN_CITY_25 "Dendera"
EGYPTIAN_CITY_26 "Naqada"
EGYPTIAN_CITY_27 "Abu Simbel"
EGYPTIAN_CITY_28 "Saqqara"
EGYPTIAN_CITY_29 "Aniba"
EGYPTIAN_CITY_30 "Gebelein"
EGYPTIAN_CITY_31 "Rhinocolura"
EGYPTIAN_CITY_32 "Asyut"
EGYPTIAN_CITY_33 "Buhen"
EGYPTIAN_CITY_34 "Quban"
EGYPTIAN_CITY_35 "El-Ashmunein"
EGYPTIAN_CITY_36 "Mendes"
EGYPTIAN_CITY_37 "Serabit"
EGYPTIAN_CITY_38 "Kahun"
EGYPTIAN_CITY_39 "Raqote"
EGYPTIAN_CITY_40 "Pithom"
EGYPTIAN_CITY_41 "Avaris"
EGYPTIAN_CITY_42 "Meinarti"
EGYPTIAN_CITY_43 "Faras"
EGYPTIAN_CITY_44 "Canopus"
EGYPTIAN_CITY_45 "Uronati"
EGYPTIAN_CITY_46 "Semna"
EGYPTIAN_CITY_47 "Kumma"
EGYPTIAN_CITY_48 "Sai"
EGYPTIAN_CITY_49 "Dorginarti"
EGYPTIAN_CITY_50 "Mirgissa"


PERSIAN "Persiani"

PERSIAN_LEADERM_NAME "Ciro il Grande"
PERSIAN_LEADERF_NAME "Scheherazade"
PERSIAN_COUNTRY_NAME "Persia"
PERSIAN_SINGULAR "Persiano"
PERSIAN_PLURAL "Persiani"

PERSIAN_CITY_1 "Persepolis"
PERSIAN_CITY_2 "Pasargadae"
PERSIAN_CITY_3 "Susa"
PERSIAN_CITY_4 "Persis"
PERSIAN_CITY_5 "Dahae"
PERSIAN_CITY_6 "Elam"
PERSIAN_CITY_7 "Ashur"
PERSIAN_CITY_8 "Comisene"
PERSIAN_CITY_9 "Ecbatana"
PERSIAN_CITY_10 "Jiruft"
PERSIAN_CITY_11 "Asaak"
PERSIAN_CITY_12 "Bist"
PERSIAN_CITY_13 "Jarmy"
PERSIAN_CITY_14 "Cunaxa"
PERSIAN_CITY_15 "Hyrcania"
PERSIAN_CITY_16 "Bahrein"
PERSIAN_CITY_17 "Gurgan"
PERSIAN_CITY_18 "Amon"
PERSIAN_CITY_19 "Rhagae"
PERSIAN_CITY_20 "Mazun"
PERSIAN_CITY_21 "Archosia"
PERSIAN_CITY_22 "Behistum"
PERSIAN_CITY_23 "Kangavar"
PERSIAN_CITY_24 "Harran"
PERSIAN_CITY_25 "Nehavend"
PERSIAN_CITY_26 "Phraata"
PERSIAN_CITY_27 "Jay"
PERSIAN_CITY_28 "Carmania"
PERSIAN_CITY_29 "Farah"
PERSIAN_CITY_30 "Aria"
PERSIAN_CITY_31 "Bisitun"
PERSIAN_CITY_32 "Artacoana"
PERSIAN_CITY_33 "Darabgird"
PERSIAN_CITY_34 "Gur"
PERSIAN_CITY_35 "Bishapur"
PERSIAN_CITY_36 "Bukht-Ardashir"
PERSIAN_CITY_37 "Arrajan"
PERSIAN_CITY_38 "Ram Hormizd"
PERSIAN_CITY_39 "Ivani Karkh"
PERSIAN_CITY_40 "Shapur"
PERSIAN_CITY_41 "Zaranj"
PERSIAN_CITY_42 "Sostra"
PERSIAN_CITY_43 "Beth Lapath"
PERSIAN_CITY_44 "Nahr Tire"
PERSIAN_CITY_45 "Varkana"
PERSIAN_CITY_46 "Zranka"
PERSIAN_CITY_47 "Gardez"
PERSIAN_CITY_48 "Nisa"
PERSIAN_CITY_49 "Drangiana"
PERSIAN_CITY_50 "Margiana"


TURKISH "Turchi"

TURKISH_LEADERM_NAME "Osman I"
TURKISH_LEADERF_NAME "Theophano"
TURKISH_COUNTRY_NAME "Turchia"
TURKISH_SINGULAR "Turco"
TURKISH_PLURAL "Turchi"

TURKISH_CITY_1 "Ankara"
TURKISH_CITY_2 "Istanbul"
TURKISH_CITY_3 "Bursa"
TURKISH_CITY_4 "Konya"
TURKISH_CITY_5 "Samsun"
TURKISH_CITY_6 "Gaziantep"
TURKISH_CITY_7 "Diyarbakir"
TURKISH_CITY_8 "Izmir"
TURKISH_CITY_9 "Kayseri"
TURKISH_CITY_10 "Malatya"
TURKISH_CITY_11 "Marsin"
TURKISH_CITY_12 "Antalya"
TURKISH_CITY_13 "Zonguldak"
TURKISH_CITY_14 "Denizli"
TURKISH_CITY_15 "Oidu"
TURKISH_CITY_16 "Mugla"
TURKISH_CITY_17 "Eskisehir"
TURKISH_CITY_18 "Inebolu"
TURKISH_CITY_19 "Sinop"
TURKISH_CITY_20 "Adana"
TURKISH_CITY_21 "Tarsus"
TURKISH_CITY_22 "Artuin"
TURKISH_CITY_23 "Bodrum"
TURKISH_CITY_24 "Eregli"
TURKISH_CITY_25 "Silifke"
TURKISH_CITY_26 "Sivas"
TURKISH_CITY_27 "Amasya"
TURKISH_CITY_28 "Marmaris"
TURKISH_CITY_29 "Kastamonu"
TURKISH_CITY_30 "Afyon"
TURKISH_CITY_31 "Burdur"
TURKISH_CITY_32 "Dinar"
TURKISH_CITY_33 "Mut"
TURKISH_CITY_34 "Karaman"
TURKISH_CITY_35 "Aksehir"
TURKISH_CITY_36 "Kirikkale"
TURKISH_CITY_37 "Bafra"
TURKISH_CITY_38 "Usak"
TURKISH_CITY_39 "Simav"
TURKISH_CITY_40 "Tavas"
TURKISH_CITY_41 "Iskilip"
TURKISH_CITY_42 "Corum"
TURKISH_CITY_43 "Tokat"
TURKISH_CITY_44 "Siran"
TURKISH_CITY_45 "Goksun"
TURKISH_CITY_46 "Bahce"
TURKISH_CITY_47 "Manavgat"
TURKISH_CITY_48 "Ermenek"
TURKISH_CITY_49 "Serik"
TURKISH_CITY_50 "Cay"


PHOENICIAN "Fenici"

PHOENICIAN_LEADERM_NAME "Hiram"
PHOENICIAN_LEADERF_NAME "Athaliah"
PHOENICIAN_COUNTRY_NAME "Fenicia"
PHOENICIAN_SINGULAR "Fenicio"
PHOENICIAN_PLURAL "Fenici"

PHOENICIAN_CITY_1 "Baalbek"
PHOENICIAN_CITY_2 "Berytus"
PHOENICIAN_CITY_3 "Byblos"
PHOENICIAN_CITY_4 "Aradus"
PHOENICIAN_CITY_5 "Cartagine"
PHOENICIAN_CITY_6 "Sidone"
PHOENICIAN_CITY_7 "Tyre"
PHOENICIAN_CITY_8 "Zareptha"
PHOENICIAN_CITY_9 "Sexi"
PHOENICIAN_CITY_10 "Utica"
PHOENICIAN_CITY_11 "Hadrumetum"
PHOENICIAN_CITY_12 "Tipasa"
PHOENICIAN_CITY_13 "Siga"
PHOENICIAN_CITY_14 "Nora"
PHOENICIAN_CITY_15 "Sulcis"
PHOENICIAN_CITY_16 "Tharros"
PHOENICIAN_CITY_17 "Almunecar"
PHOENICIAN_CITY_18 "Abdera"
PHOENICIAN_CITY_19 "Baria"
PHOENICIAN_CITY_20 "Carmona"
PHOENICIAN_CITY_21 "Malaca"
PHOENICIAN_CITY_22 "Gadir"
PHOENICIAN_CITY_23 "Arvad"
PHOENICIAN_CITY_24 "Eivissa"
PHOENICIAN_CITY_25 "Samal"
PHOENICIAN_CITY_26 "Karatepe"
PHOENICIAN_CITY_27 "Motya"
PHOENICIAN_CITY_28 "Joppa"
PHOENICIAN_CITY_29 "Rachgoun"
PHOENICIAN_CITY_30 "Gades"
PHOENICIAN_CITY_31 "Citium"
PHOENICIAN_CITY_32 "Mainaca"
PHOENICIAN_CITY_33 "Mago"
PHOENICIAN_CITY_34 "Thenae"
PHOENICIAN_CITY_35 "Oea"
PHOENICIAN_CITY_36 "Leptis"
PHOENICIAN_CITY_37 "Sabrata"
PHOENICIAN_CITY_38 "Panormus"
PHOENICIAN_CITY_39 "Thapsus"
PHOENICIAN_CITY_40 "Lilybaecum"
PHOENICIAN_CITY_41 "Carthago Nova"
PHOENICIAN_CITY_42 "Lixus"
PHOENICIAN_CITY_43 "Caralis"
PHOENICIAN_CITY_44 "Rusaddir"
PHOENICIAN_CITY_45 "Cirta"
PHOENICIAN_CITY_46 "Cartenna"
PHOENICIAN_CITY_47 "Saldae"
PHOENICIAN_CITY_48 "Gigthis"
PHOENICIAN_CITY_49 "Aziris"
PHOENICIAN_CITY_50 "Igilgili"


WELSH "Gallesi"

WELSH_LEADERM_NAME "Owain Glyndwr"
WELSH_LEADERF_NAME "Rhiannon"
WELSH_COUNTRY_NAME "Galles"
WELSH_SINGULAR "Gallese"
WELSH_PLURAL "Gallesi"

WELSH_CITY_1 "Cardiff"
WELSH_CITY_2 "Swansea"
WELSH_CITY_3 "Pentraeth"
WELSH_CITY_4 "Brecon"
WELSH_CITY_5 "Caerphilly"
WELSH_CITY_6 "Pontypridd"
WELSH_CITY_7 "Narberth"
WELSH_CITY_8 "Llandow"
WELSH_CITY_9 "Cwmbran"
WELSH_CITY_10 "Pembroke"
WELSH_CITY_11 "Cardigan"
WELSH_CITY_12 "Llandarcy"
WELSH_CITY_13 "Builth Wells"
WELSH_CITY_14 "Beddgelert"
WELSH_CITY_15 "Abertillery"
WELSH_CITY_16 "Porth"
WELSH_CITY_17 "Lampeter"
WELSH_CITY_18 "Welshpool"
WELSH_CITY_19 "Llangollen"
WELSH_CITY_20 "Ebbw Vale"
WELSH_CITY_21 "Chepstow"
WELSH_CITY_22 "Llandybie"
WELSH_CITY_23 "Denbigh"
WELSH_CITY_24 "Pembrey"
WELSH_CITY_25 "Tresaith"
WELSH_CITY_26 "Taffs Well"
WELSH_CITY_27 "Penarth"
WELSH_CITY_28 "Caernarfon"
WELSH_CITY_29 "Llandudno"
WELSH_CITY_30 "Gwaelod"


CUBAN "Cubani"

CUBAN_LEADERM_NAME "José Martí"
CUBAN_LEADERF_NAME "Vilma Espin"
CUBAN_COUNTRY_NAME "Cuba"
CUBAN_SINGULAR "Cubano"
CUBAN_PLURAL "Cubani"

CUBAN_CITY_1 "Havana"
CUBAN_CITY_2 "Cardenas"
CUBAN_CITY_3 "Cabanas"
CUBAN_CITY_4 "Matanzas"
CUBAN_CITY_5 "Pinar del Rio"
CUBAN_CITY_6 "Guantanamo"
CUBAN_CITY_7 "Moa"
CUBAN_CITY_8 "Nuevitas"
CUBAN_CITY_9 "Esmeralda"
CUBAN_CITY_10 "La Isabela"
CUBAN_CITY_11 "Gibara"
CUBAN_CITY_12 "Los Arroyos"
CUBAN_CITY_13 "San Cristobal"
CUBAN_CITY_14 "Santa Clara"
CUBAN_CITY_15 "Ciego de Avila"
CUBAN_CITY_16 "Bayamo"
CUBAN_CITY_17 "La Esperanza"
CUBAN_CITY_18 "Tunas de Zaza"
CUBAN_CITY_19 "Niquero"
CUBAN_CITY_20 "Holguin"
CUBAN_CITY_21 "Nueva Gerona"
CUBAN_CITY_22 "Antilla"
CUBAN_CITY_23 "Baracoa"
CUBAN_CITY_24 "Cienfuegos"
CUBAN_CITY_25 "Artemisa"
CUBAN_CITY_26 "Guane"
CUBAN_CITY_27 "Santiago"
CUBAN_CITY_28 "Marti"
CUBAN_CITY_29 "Colon"
CUBAN_CITY_30 "Moron"


ZULU "Zulu"

ZULU_LEADERM_NAME "Shaka"
ZULU_LEADERF_NAME "Shakala"
ZULU_COUNTRY_NAME "Zulu"
ZULU_SINGULAR "Zulu"
ZULU_PLURAL "Zulu"

ZULU_CITY_1 "Ulundi"
ZULU_CITY_2 "Natal"
ZULU_CITY_3 "Isandlwana"
ZULU_CITY_4 "Swazi"
ZULU_CITY_5 "Pedi"
ZULU_CITY_6 "Thembu"
ZULU_CITY_7 "Sotho"
ZULU_CITY_8 "Taung"
ZULU_CITY_9 "Xhosa"
ZULU_CITY_10 "Tlokwa"
ZULU_CITY_11 "Tswana"
ZULU_CITY_12 "Kwena"
ZULU_CITY_13 "Ngwaketse"
ZULU_CITY_14 "Kora"
ZULU_CITY_15 "Nongoma"
ZULU_CITY_16 "Hluhluwe"
ZULU_CITY_17 "Mtubatuba"
ZULU_CITY_18 "Empangeni"
ZULU_CITY_19 "Ingwauuma"
ZULU_CITY_20 "Melmoth"
ZULU_CITY_21 "Mkuke"
ZULU_CITY_22 "Jozini"
ZULU_CITY_23 "Usut"
ZULU_CITY_24 "Maputo"
ZULU_CITY_25 "Mpondo"
ZULU_CITY_26 "Ngome"
ZULU_CITY_27 "Umtata"
ZULU_CITY_28 "Tugela"
ZULU_CITY_29 "Ibabanago"
ZULU_CITY_30 "Isipezi"
ZULU_CITY_31 "Zunguin"
ZULU_CITY_32 "Amatikulu"
ZULU_CITY_33 "Gollel"
ZULU_CITY_34 "Zimbabwe"
ZULU_CITY_35 "Bapedi"
ZULU_CITY_36 "Hlobane"
ZULU_CITY_37 "Intombe"
ZULU_CITY_38 "Umfolozi"
ZULU_CITY_39 "Makalolo"
ZULU_CITY_40 "Matabele"
ZULU_CITY_41 "Herero"
ZULU_CITY_42 "Ndebele"
ZULU_CITY_43 "Khoisan"
ZULU_CITY_44 "Griquas"
ZULU_CITY_45 "Moshesh"
ZULU_CITY_46 "Basuto"
ZULU_CITY_47 "Kolobeng"
ZULU_CITY_48 "Tembu"
ZULU_CITY_49 "Shona"
ZULU_CITY_50 "Bamangwato"


HEBREW "Ebrei"

HEBREW_LEADERM_NAME "David"
HEBREW_LEADERF_NAME "Golda Meir"
HEBREW_COUNTRY_NAME "Israele"
HEBREW_SINGULAR "Ebreo"
HEBREW_PLURAL "Ebrei"

HEBREW_CITY_1 "Gerusalemme"
HEBREW_CITY_2 "Hebron"
HEBREW_CITY_3 "Gerico"
HEBREW_CITY_4 "Tel Aviv"
HEBREW_CITY_5 "Jaffa"
HEBREW_CITY_6 "Ashdod"
HEBREW_CITY_7 "Nazareth"
HEBREW_CITY_8 "Betlemme"
HEBREW_CITY_9 "Tiberias"
HEBREW_CITY_10 "Haifa"
HEBREW_CITY_11 "Gaza"
HEBREW_CITY_12 "Beer-Sheva"
HEBREW_CITY_13 "Netanya"
HEBREW_CITY_14 "Bnei Brak"
HEBREW_CITY_15 "Masada"
HEBREW_CITY_16 "Ashkelon"
HEBREW_CITY_17 "Ramat-Gan"
HEBREW_CITY_18 "Kidron"
HEBREW_CITY_19 "Ra'anana"
HEBREW_CITY_20 "Kfar-Saba"
HEBREW_CITY_21 "Rishon-Lezion"
HEBREW_CITY_22 "Dan"
HEBREW_CITY_23 "Rehovot"
HEBREW_CITY_24 "Ramallah"
HEBREW_CITY_25 "Yavne"
HEBREW_CITY_26 "Zoar"
HEBREW_CITY_27 "Edrei"
HEBREW_CITY_28 "Eilat"
HEBREW_CITY_29 "Galilee"
HEBREW_CITY_30 "Holon"
HEBREW_CITY_31 "Jabaliya"
HEBREW_CITY_32 "Tulkarm"
HEBREW_CITY_33 "Janin"
HEBREW_CITY_34 "Afula"
HEBREW_CITY_35 "Hadera"
HEBREW_CITY_36 "Tirat Karmel"
HEBREW_CITY_37 "Dothan"
HEBREW_CITY_38 "Shiloh"
HEBREW_CITY_39 "Megiddo"
HEBREW_CITY_40 "Ramla"
HEBREW_CITY_41 "Lod"
HEBREW_CITY_42 "Khalasa"
HEBREW_CITY_43 "Eglon"
HEBREW_CITY_44 "Mareshah"
HEBREW_CITY_45 "Raqiq"
HEBREW_CITY_46 "Debir"
HEBREW_CITY_47 "Eboda"
HEBREW_CITY_48 "Oron"
HEBREW_CITY_49 "En-gedi"
HEBREW_CITY_50 "Migdal"


ASSYRIAN "Assiri"

ASSYRIAN_LEADERM_NAME "Tiglath-pileser III"
ASSYRIAN_LEADERF_NAME "Sammu-ramat"
ASSYRIAN_COUNTRY_NAME "Assiria"
ASSYRIAN_SINGULAR "Assiro"
ASSYRIAN_PLURAL "Assiri"

ASSYRIAN_CITY_1 "Nineveh"
ASSYRIAN_CITY_2 "Ur"
ASSYRIAN_CITY_3 "Assur"
ASSYRIAN_CITY_4 "Nippur"
ASSYRIAN_CITY_5 "Uruk"
ASSYRIAN_CITY_6 "Kakzu"
ASSYRIAN_CITY_7 "Gasur"
ASSYRIAN_CITY_8 "Arrapha"
ASSYRIAN_CITY_9 "Calah"
ASSYRIAN_CITY_10 "Barsippa"
ASSYRIAN_CITY_11 "Nimit Ishtar"
ASSYRIAN_CITY_12 "Sippar"
ASSYRIAN_CITY_13 "Ninua"
ASSYRIAN_CITY_14 "Shibaniba"
ASSYRIAN_CITY_15 "Dur Sharrukin"
ASSYRIAN_CITY_16 "Balata"
ASSYRIAN_CITY_17 "Tarbisu"
ASSYRIAN_CITY_18 "Simmurrum"
ASSYRIAN_CITY_19 "Asari"
ASSYRIAN_CITY_20 "Imbur-Bel"
ASSYRIAN_CITY_21 "Tell Rimah"
ASSYRIAN_CITY_22 "Arballu"
ASSYRIAN_CITY_23 "Kar-Tukulti"
ASSYRIAN_CITY_24 "Nimurta"
ASSYRIAN_CITY_25 "Hatra"
ASSYRIAN_CITY_26 "Rania"
ASSYRIAN_CITY_27 "Jerwan"
ASSYRIAN_CITY_28 "Marad"
ASSYRIAN_CITY_29 "Kutha"
ASSYRIAN_CITY_30 "Neribtum"
ASSYRIAN_CITY_31 "Dur-Kurigalzu"
ASSYRIAN_CITY_32 "Tadmor"
ASSYRIAN_CITY_33 "Lachish"
ASSYRIAN_CITY_34 "Kalhu"
ASSYRIAN_CITY_35 "Der"
ASSYRIAN_CITY_36 "Karkheh"
ASSYRIAN_CITY_37 "Mari"
ASSYRIAN_CITY_38 "Taima"
ASSYRIAN_CITY_39 "Harran"
ASSYRIAN_CITY_40 "Carchemish"
ASSYRIAN_CITY_41 "Arvad"
ASSYRIAN_CITY_42 "Ugarit"
ASSYRIAN_CITY_43 "Riblah"
ASSYRIAN_CITY_44 "Tushpa"
ASSYRIAN_CITY_45 "Qarqar"
ASSYRIAN_CITY_46 "Dan"
ASSYRIAN_CITY_47 "Hazor"
ASSYRIAN_CITY_48 "Rabbah"
ASSYRIAN_CITY_49 "Ezion-geber"
ASSYRIAN_CITY_50 "Aram"


INDIAN "Indiani"

INDIAN_LEADERM_NAME "Mohandas Gandhi"
INDIAN_LEADERF_NAME "Indira Gandhi"
INDIAN_COUNTRY_NAME "India"
INDIAN_SINGULAR "Indiano"
INDIAN_PLURAL "Indiani"

INDIAN_CITY_1 "Delhi"
INDIAN_CITY_2 "Bombay"
INDIAN_CITY_3 "Bangalore"
INDIAN_CITY_4 "Calcutta"
INDIAN_CITY_5 "Darjeeling"
INDIAN_CITY_6 "Guntur"
INDIAN_CITY_7 "Srinagar"
INDIAN_CITY_8 "Manali"
INDIAN_CITY_9 "Panchkula"
INDIAN_CITY_10 "Tiruppur"
INDIAN_CITY_11 "Nagpur"
INDIAN_CITY_12 "Almora"
INDIAN_CITY_13 "Kootanad"
INDIAN_CITY_14 "Bhubaneswar"
INDIAN_CITY_15 "Jaipur"
INDIAN_CITY_16 "Surat"
INDIAN_CITY_17 "Madurai"
INDIAN_CITY_18 "Jalandhar"
INDIAN_CITY_19 "Rajkot"
INDIAN_CITY_20 "Moradabad"
INDIAN_CITY_21 "Bharuch"
INDIAN_CITY_22 "Udupi"
INDIAN_CITY_23 "Ghaziabad"
INDIAN_CITY_24 "Jodhpur"
INDIAN_CITY_25 "Amritsar"
INDIAN_CITY_26 "Nashik"
INDIAN_CITY_27 "Ahmedabad"
INDIAN_CITY_28 "Pilani"
INDIAN_CITY_29 "Kanpur"
INDIAN_CITY_30 "Vellore"
INDIAN_CITY_31 "Asansol"
INDIAN_CITY_32 "Varanasi"
INDIAN_CITY_33 "Patna"
INDIAN_CITY_34 "Gwalior"
INDIAN_CITY_35 "Bhopal"
INDIAN_CITY_36 "Hyderabad"
INDIAN_CITY_37 "Madras"
INDIAN_CITY_38 "Calicut"
INDIAN_CITY_39 "Cuttack"
INDIAN_CITY_40 "Ujjain"
INDIAN_CITY_41 "Somnath"
INDIAN_CITY_42 "Taxila"
INDIAN_CITY_43 "Peshawar"
INDIAN_CITY_44 "Lahore"
INDIAN_CITY_45 "Imphal"
INDIAN_CITY_46 "Ajmer"
INDIAN_CITY_47 "Pune"
INDIAN_CITY_48 "Goa"
INDIAN_CITY_49 "Bihar"
INDIAN_CITY_50 "Lucknow"


THAI "Thailandesi"

THAI_LEADERM_NAME "Yot Fa"
THAI_LEADERF_NAME "Son Klin"
THAI_COUNTRY_NAME "Thailandia"
THAI_SINGULAR "Thailandese"
THAI_PLURAL "Thailandesi"

THAI_CITY_1 "Bangkok"
THAI_CITY_2 "Chiang Mai"
THAI_CITY_3 "Ayutthaya"
THAI_CITY_4 "Lampang"
THAI_CITY_5 "Muang Boran"
THAI_CITY_6 "Samut Sakhon"
THAI_CITY_7 "Chonburi"
THAI_CITY_8 "Rayong"
THAI_CITY_9 "Ubon Ratchathani"
THAI_CITY_10 "Korat"
THAI_CITY_11 "Hua Hin"
THAI_CITY_12 "Chiang Rai"
THAI_CITY_13 "Nonthaburi"
THAI_CITY_14 "Pathumthani"
THAI_CITY_15 "Khon Kaen"
THAI_CITY_16 "Pattaya"
THAI_CITY_17 "Samutprakarn"
THAI_CITY_18 "Nakhon Ratchasima"
THAI_CITY_19 "Mae Hong Son"
THAI_CITY_20 "Chanthaburi"
THAI_CITY_21 "Nakhon Pathom"
THAI_CITY_22 "Tak"
THAI_CITY_23 "Koh Phangan"
THAI_CITY_24 "Koh Phi Phi"
THAI_CITY_25 "Ban Pong"
THAI_CITY_26 "Koh Tao"
THAI_CITY_27 "Stick"
THAI_CITY_28 "Pattani"
THAI_CITY_29 "Phuket"
THAI_CITY_30 "Klongkum"
THAI_CITY_31 "Koh Samui"
THAI_CITY_32 "Surin"
THAI_CITY_33 "Buriram"
THAI_CITY_34 "Chumphon"
THAI_CITY_35 "Surat Thani"
THAI_CITY_36 "Ranong"
THAI_CITY_37 "Pak Phraek"
THAI_CITY_38 "T Song"
THAI_CITY_39 "Hat Yai"
THAI_CITY_40 "Songkhla"
THAI_CITY_41 "Sungai Kolok"
THAI_CITY_42 "Saraburi"
THAI_CITY_43 "Taphan Hin"
THAI_CITY_44 "Suphan Buri"
THAI_CITY_45 "Cha-am"
THAI_CITY_46 "Sisaket"
THAI_CITY_47 "Trang"
THAI_CITY_48 "Chaiyaphum"
THAI_CITY_49 "Trat"
THAI_CITY_50 "Kalasin"


POLYNESIAN "Polinesiani"

POLYNESIAN_LEADERM_NAME "Kamehameha"
POLYNESIAN_LEADERF_NAME "Liliuokalani"
POLYNESIAN_COUNTRY_NAME "Polinesia"
POLYNESIAN_SINGULAR "Polinesiano"
POLYNESIAN_PLURAL "Polinesiani"

POLYNESIAN_CITY_1 "Haraiki"
POLYNESIAN_CITY_2 "Tikei"
POLYNESIAN_CITY_3 "Pukapuka"
POLYNESIAN_CITY_4 "Manihi"
POLYNESIAN_CITY_5 "Hiva"
POLYNESIAN_CITY_6 "Fata Huka"
POLYNESIAN_CITY_7 "Ua Pou"
POLYNESIAN_CITY_8 "Tonga"
POLYNESIAN_CITY_9 "Ahe"
POLYNESIAN_CITY_10 "Niau"
POLYNESIAN_CITY_11 "Akiaki"
POLYNESIAN_CITY_12 "Tatakoko"
POLYNESIAN_CITY_13 "Hatutu"
POLYNESIAN_CITY_14 "Aratika"
POLYNESIAN_CITY_15 "Hao"
POLYNESIAN_CITY_16 "Tahuata"
POLYNESIAN_CITY_17 "Mataiva "
POLYNESIAN_CITY_18 "Reao"
POLYNESIAN_CITY_19 "Tematagi"
POLYNESIAN_CITY_20 "Marutea"
POLYNESIAN_CITY_21 "Taenga"
POLYNESIAN_CITY_22 "Nuka Hiua"
POLYNESIAN_CITY_23 "Motane"
POLYNESIAN_CITY_24 "Hereheretua"
POLYNESIAN_CITY_25 "Tokelau"
POLYNESIAN_CITY_26 "Hikueru"
POLYNESIAN_CITY_27 "Rekareka"
POLYNESIAN_CITY_28 "Tureia"
POLYNESIAN_CITY_29 "Fangataufa"
POLYNESIAN_CITY_30 "Manuhangi"
POLYNESIAN_CITY_31 "Utirik"
POLYNESIAN_CITY_32 "Majuro"
POLYNESIAN_CITY_33 "Ngulu"
POLYNESIAN_CITY_34 "Napuka"
POLYNESIAN_CITY_35 "Eiao"
POLYNESIAN_CITY_36 "Babelthuap"
POLYNESIAN_CITY_37 "Hiva Oa"
POLYNESIAN_CITY_38 "Mauke"
POLYNESIAN_CITY_39 "Tubuai"
POLYNESIAN_CITY_40 "Rapa Nui"
POLYNESIAN_CITY_41 "Apia"
POLYNESIAN_CITY_42 "Uvea"
POLYNESIAN_CITY_43 "Atafu"
POLYNESIAN_CITY_44 "Manua"
POLYNESIAN_CITY_45 "Niue"
POLYNESIAN_CITY_46 "Bora Bora"
POLYNESIAN_CITY_47 "Pukapuka"
POLYNESIAN_CITY_48 "Vava'u"
POLYNESIAN_CITY_49 "Ata"
POLYNESIAN_CITY_50 "Vatoa"


INDONESIAN "Indonesiani"

INDONESIAN_LEADERM_NAME "Airlangga"
INDONESIAN_LEADERF_NAME "Indoiana"
INDONESIAN_COUNTRY_NAME "Indonesia"
INDONESIAN_SINGULAR "Indonesiano"
INDONESIAN_PLURAL "Indonesiani"

INDONESIAN_CITY_1 "Giacarta"
INDONESIAN_CITY_2 "Malang"
INDONESIAN_CITY_3 "Bali"
INDONESIAN_CITY_4 "Sumatra"
INDONESIAN_CITY_5 "Yogyakarta"
INDONESIAN_CITY_6 "Java"
INDONESIAN_CITY_7 "Denpasar"
INDONESIAN_CITY_8 "Kuta"
INDONESIAN_CITY_9 "Semarang"
INDONESIAN_CITY_10 "Kendari"
INDONESIAN_CITY_11 "Medan"
INDONESIAN_CITY_12 "Bandung"
INDONESIAN_CITY_13 "Surabaya"
INDONESIAN_CITY_14 "Tangerang"
INDONESIAN_CITY_15 "Batam"
INDONESIAN_CITY_16 "Kudus"
INDONESIAN_CITY_17 "Manado"
INDONESIAN_CITY_18 "Solo"
INDONESIAN_CITY_19 "Cirebon"
INDONESIAN_CITY_20 "Banda Aceh"
INDONESIAN_CITY_21 "Pontianak"
INDONESIAN_CITY_22 "Jepara"
INDONESIAN_CITY_23 "Bogor"
INDONESIAN_CITY_24 "Salatiga"
INDONESIAN_CITY_25 "Banyuwangi"
INDONESIAN_CITY_26 "Palembang"
INDONESIAN_CITY_27 "Surakarta"
INDONESIAN_CITY_28 "Pangandaran"
INDONESIAN_CITY_29 "Ujungpandang"
INDONESIAN_CITY_30 "Lombok"
INDONESIAN_CITY_31 "Probolinggo"
INDONESIAN_CITY_32 "Sumenep"
INDONESIAN_CITY_33 "Pamekasan"
INDONESIAN_CITY_34 "Madiun"
INDONESIAN_CITY_35 "Depok"
INDONESIAN_CITY_36 "Bukittinggi"
INDONESIAN_CITY_37 "Bengkulu"
INDONESIAN_CITY_38 "Tual"
INDONESIAN_CITY_39 "Ternate"
INDONESIAN_CITY_40 "Tidore"
INDONESIAN_CITY_41 "Biak"
INDONESIAN_CITY_42 "Fak Fak"
INDONESIAN_CITY_43 "Gorontalo"
INDONESIAN_CITY_44 "Kupang"
INDONESIAN_CITY_45 "Miri"
INDONESIAN_CITY_46 "Marudi"
INDONESIAN_CITY_47 "Uma Bawang"
INDONESIAN_CITY_48 "Palu"
INDONESIAN_CITY_49 "Mataram"
INDONESIAN_CITY_50 "Tarakan"


JAMAICA "Polonia"

JAMAICAN_LEADERM_NAME "Lech Walesa"
JAMAICAN_LEADERF_NAME "Regina Jadwiga"
JAMAICAN_COUNTRY_NAME "Polonia"
JAMAICAN_SINGULAR "Polacco"
JAMAICAN_PLURAL "Polacca"

JAMAICAN_CITY_1 "Warsaw"
JAMAICAN_CITY_2 "Krakow"
JAMAICAN_CITY_3 "Gniezno"
JAMAICAN_CITY_4 "Gdansk"
JAMAICAN_CITY_5 "Katowice"
JAMAICAN_CITY_6 "Wroclaw"
JAMAICAN_CITY_7 "Czestochowa"
JAMAICAN_CITY_8 "Gydnia"
JAMAICAN_CITY_9 "Szczecin"
JAMAICAN_CITY_10 "Poznan"
JAMAICAN_CITY_11 "Lodz"
JAMAICAN_CITY_12 "Bydgoszcz"
JAMAICAN_CITY_13 "Radom"
JAMAICAN_CITY_14 "Lublin"
JAMAICAN_CITY_15 "Bialystok"
JAMAICAN_CITY_16 "Ustka"
JAMAICAN_CITY_17 "Kolobrzeg"
JAMAICAN_CITY_18 "Tourn"
JAMAICAN_CITY_19 "Zakopane"
JAMAICAN_CITY_20 "Olsztyn"
JAMAICAN_CITY_21 "Opole"
JAMAICAN_CITY_22 "Kutno"
JAMAICAN_CITY_23 "Slubice"
JAMAICAN_CITY_24 "Wadowice"
JAMAICAN_CITY_25 "Walbrzych"
JAMAICAN_CITY_26 "Zywiec"
JAMAICAN_CITY_27 "BielskoBiala"
JAMAICAN_CITY_28 "Wolmomin"
JAMAICAN_CITY_29 "Malbrok"
JAMAICAN_CITY_30 "Rzeszow"


INCAN "Inca"

INCAN_LEADERM_NAME "Viracocha"
INCAN_LEADERF_NAME "Manachocha"
INCAN_COUNTRY_NAME "Inca"
INCAN_SINGULAR "Inca"
INCAN_PLURAL "Inca"

INCAN_CITY_1 "Cuzco"
INCAN_CITY_2 "Machu Picchu"
INCAN_CITY_3 "Pucara"
INCAN_CITY_4 "Chimbote"
INCAN_CITY_5 "Cupisnique"
INCAN_CITY_6 "Paracas"
INCAN_CITY_7 "Huari"
INCAN_CITY_8 "Pachacamac"
INCAN_CITY_9 "Paramonga"
INCAN_CITY_10 "Supe"
INCAN_CITY_11 "Ancon"
INCAN_CITY_12 "Cajamarquilla"
INCAN_CITY_13 "Ocucaje"
INCAN_CITY_14 "Cahauchi"
INCAN_CITY_15 "Arequipa"
INCAN_CITY_16 "Tihuanaco"
INCAN_CITY_17 "Chiripa"
INCAN_CITY_18 "Ollantaytambo"
INCAN_CITY_19 "Pikillacta"
INCAN_CITY_20 "Lauricocha"
INCAN_CITY_21 "Chavin de Huantar"
INCAN_CITY_22 "Cerro Sechin"
INCAN_CITY_23 "Chanchan"
INCAN_CITY_24 "Moche"
INCAN_CITY_25 "Huamachuchu"
INCAN_CITY_26 "Cajamara"
INCAN_CITY_27 "Lambayeque"
INCAN_CITY_28 "Pacasmayo"
INCAN_CITY_29 "Huaca Prieta"
INCAN_CITY_30 "Pampa de Paijan"
INCAN_CITY_31 "Quito"
INCAN_CITY_32 "Latacunga"
INCAN_CITY_33 "Ambato"
INCAN_CITY_34 "Quevedo"
INCAN_CITY_35 "Ingapirca"
INCAN_CITY_36 "Saraguro"
INCAN_CITY_37 "Tomebamba"
INCAN_CITY_38 "Tumbes"
INCAN_CITY_39 "Piura"
INCAN_CITY_40 "Huaylas"
INCAN_CITY_41 "Huanco"
INCAN_CITY_42 "Jauja"
INCAN_CITY_43 "Urubamba"
INCAN_CITY_44 "Ayacucho"
INCAN_CITY_45 "Pica"
INCAN_CITY_46 "Tupiza"
INCAN_CITY_47 "Tilcara"
INCAN_CITY_48 "Talca"
INCAN_CITY_49 "Pisac"
INCAN_CITY_50 "Vitcos"


MAYAN "Maya"

MAYAN_LEADERM_NAME "Hunahpu"
MAYAN_LEADERF_NAME "Xmucane"
MAYAN_COUNTRY_NAME "Impero Maya"
MAYAN_SINGULAR "Maya"
MAYAN_PLURAL "Maya"

MAYAN_CITY_1 "Copan"
MAYAN_CITY_2 "Chichen Itza"
MAYAN_CITY_3 "Uxmal"
MAYAN_CITY_4 "Jaina"
MAYAN_CITY_5 "Palenque"
MAYAN_CITY_6 "Uaxactun"
MAYAN_CITY_7 "Yaxchilan"
MAYAN_CITY_8 "Tikal"
MAYAN_CITY_9 "Tonina"
MAYAN_CITY_10 "Coba"
MAYAN_CITY_11 "Etzna"
MAYAN_CITY_12 "Kabah Labna"
MAYAN_CITY_13 "Xpuhil"
MAYAN_CITY_14 "Calakmul"
MAYAN_CITY_15 "Comalcatco"
MAYAN_CITY_16 "Tenampua"
MAYAN_CITY_17 "Yojoa"
MAYAN_CITY_18 "Yarumela"
MAYAN_CITY_19 "Zaculeu"
MAYAN_CITY_20 "Seibal"
MAYAN_CITY_21 "Dzibilchaltun"
MAYAN_CITY_22 "Quirigua"
MAYAN_CITY_23 "Lubaantun"
MAYAN_CITY_24 "Pusilha"
MAYAN_CITY_25 "Chinkultic"
MAYAN_CITY_26 "Pechal"
MAYAN_CITY_27 "Caracol"
MAYAN_CITY_28 "Palmar"
MAYAN_CITY_29 "Sayil"
MAYAN_CITY_30 "Yaxchilan"
MAYAN_CITY_31 "Izamal"
MAYAN_CITY_32 "Uaacbal"
MAYAN_CITY_33 "Yaxha"
MAYAN_CITY_34 "Tulum"
MAYAN_CITY_35 "Nohmul"
MAYAN_CITY_36 "Takalik"
MAYAN_CITY_37 "Amatitian"
MAYAN_CITY_38 "Xullun"
MAYAN_CITY_39 "Ucal"
MAYAN_CITY_40 "Oxpemul"
MAYAN_CITY_41 "Xtampak"
MAYAN_CITY_42 "Loltun"
MAYAN_CITY_43 "Yaxuna"
MAYAN_CITY_44 "Cozumel"
MAYAN_CITY_45 "Izapa"
MAYAN_CITY_46 "Chinikha"
MAYAN_CITY_47 "Uolaritun"
MAYAN_CITY_48 "Nimlipunit"
MAYAN_CITY_49 "Itzan"
MAYAN_CITY_50 "Altun Ha"


CANADIANS "Canadesi"

CANADIANS_LEADERM_NAME "Pierre Trudeau"
CANADIANS_LEADERF_NAME "Madeleine de Vercheres"
CANADIANS_COUNTRY_NAME "Canada"
CANADIANS_SINGULAR "Canadese"
CANADIANS_PLURAL "Canadesi"

CANADIAN_CITY_1 "Ottawa"
CANADIAN_CITY_2 "Montreal"
CANADIAN_CITY_3 "Toronto"
CANADIAN_CITY_4 "Quebec City"
CANADIAN_CITY_5 "Hamilton"
CANADIAN_CITY_6 "London"
CANADIAN_CITY_7 "Moncton"
CANADIAN_CITY_8 "Sundre"
CANADIAN_CITY_9 "Thunder Bay"
CANADIAN_CITY_10 "Windsor"
CANADIAN_CITY_11 "Kitchener"
CANADIAN_CITY_12 "Charlottetown"
CANADIAN_CITY_13 "Halifax"
CANADIAN_CITY_14 "St. Johns"
CANADIAN_CITY_15 "Conception"
CANADIAN_CITY_16 "Niagara"
CANADIAN_CITY_17 "Trois-Rivieres"
CANADIAN_CITY_18 "Shawinigin"
CANADIAN_CITY_19 "Brandon"
CANADIAN_CITY_20 "St. Claude"
CANADIAN_CITY_21 "Charlesbourg"
CANADIAN_CITY_22 "Mississauga"
CANADIAN_CITY_23 "Sault Ste. Marie"
CANADIAN_CITY_24 "Sudbury"
CANADIAN_CITY_25 "Edmonton"
CANADIAN_CITY_26 "Sherbrooke"
CANADIAN_CITY_27 "Oshawa"
CANADIAN_CITY_28 "Tecumseh"
CANADIAN_CITY_29 "Sprague"
CANADIAN_CITY_30 "Molson"
CANADIAN_CITY_31 "Battleford"
CANADIAN_CITY_32 "Lethbridge"
CANADIAN_CITY_33 "Moosonee"
CANADIAN_CITY_34 "Vermilion"
CANADIAN_CITY_35 "Spruce Woods"
CANADIAN_CITY_36 "Winnipeg"
CANADIAN_CITY_37 "Prince Albert"
CANADIAN_CITY_38 "Saskatoon"
CANADIAN_CITY_39 "Red Deer"
CANADIAN_CITY_40 "Camrose"
CANADIAN_CITY_41 "Calgary"
CANADIAN_CITY_42 "Vancouver"
CANADIAN_CITY_43 "Victoria"
CANADIAN_CITY_44 "Swift Current"
CANADIAN_CITY_45 "Lloydminster"
CANADIAN_CITY_46 "Regina"
CANADIAN_CITY_47 "High Level"
CANADIAN_CITY_48 "Fort McMurray"
CANADIAN_CITY_49 "Banff"
CANADIAN_CITY_50 "Snowdrift"


NIGERIAN "Nigeriani"

NIGERIAN_LEADERM_NAME "Azikiwe"
NIGERIAN_LEADERF_NAME "Nzinga"
NIGERIAN_COUNTRY_NAME "Nigeria"
NIGERIAN_SINGULAR "Nigeriano"
NIGERIAN_PLURAL "Nigeriani"

NIGERIAN_CITY_1 "Benin"
NIGERIAN_CITY_2 "Ibadan"
NIGERIAN_CITY_3 "Makurdi"
NIGERIAN_CITY_4 "Enugu"
NIGERIAN_CITY_5 "Ogoja"
NIGERIAN_CITY_6 "Oyo"
NIGERIAN_CITY_7 "Kaduna"
NIGERIAN_CITY_8 "Zaria"
NIGERIAN_CITY_9 "Sokoto"
NIGERIAN_CITY_10 "Bauchi"
NIGERIAN_CITY_11 "Hadejia"
NIGERIAN_CITY_12 "Kano"
NIGERIAN_CITY_13 "Calabar"
NIGERIAN_CITY_14 "Dutse"
NIGERIAN_CITY_15 "Lokoja"
NIGERIAN_CITY_16 "Owerri"
NIGERIAN_CITY_17 "Minna"
NIGERIAN_CITY_18 "Oshogbo"
NIGERIAN_CITY_19 "Gombe"
NIGERIAN_CITY_20 "Jalingo"
NIGERIAN_CITY_21 "Adamawa"
NIGERIAN_CITY_22 "Ikeja"
NIGERIAN_CITY_23 "Jos"
NIGERIAN_CITY_24 "Birnin Kebbi"
NIGERIAN_CITY_25 "Ado Ekiti"
NIGERIAN_CITY_26 "Enugu"
NIGERIAN_CITY_27 "Lafia"
NIGERIAN_CITY_28 "Gusau"
NIGERIAN_CITY_29 "Akure"
NIGERIAN_CITY_30 "Yenogoa"


KOREA "Coreani"

KOREAN_LEADERM_NAME "Yi Songgye"
KOREAN_LEADERF_NAME "Hung Hyegyong"
KOREAN_COUNTRY_NAME "Corea"
KOREAN_SINGULAR "Coreano"
KOREAN_PLURAL "Coreani"

KOREAN_CITY_1 "Seoul"
KOREAN_CITY_2 "Pusan"
KOREAN_CITY_3 "Taejon"
KOREAN_CITY_4 "Anyang"
KOREAN_CITY_5 "Hungnam"
KOREAN_CITY_6 "Chongju"
KOREAN_CITY_7 "Pyongyang"
KOREAN_CITY_8 "Chuncheon"
KOREAN_CITY_9 "Kaesong"
KOREAN_CITY_10 "Inchon"
KOREAN_CITY_11 "Wonsan"
KOREAN_CITY_12 "Yongin"
KOREAN_CITY_13 "Puchon"
KOREAN_CITY_14 "Taegu"
KOREAN_CITY_15 "Yongsan"
KOREAN_CITY_16 "Ulsan"
KOREAN_CITY_17 "Hwasung-gun"
KOREAN_CITY_18 "Kinhae"
KOREAN_CITY_19 "Kwangju"
KOREAN_CITY_20 "Cheju"
KOREAN_CITY_21 "Changwon"
KOREAN_CITY_22 "Pohang"
KOREAN_CITY_23 "Tungwha"
KOREAN_CITY_24 "Sunchon"
KOREAN_CITY_25 "Uijongbu"
KOREAN_CITY_26 "Chonju"
KOREAN_CITY_27 "Mokpo"
KOREAN_CITY_28 "Suwon"
KOREAN_CITY_29 "Shihung"
KOREAN_CITY_30 "Sogwipo"


BRAZILIAN "Brasiliani"

BRAZILIAN_LEADERM_NAME "Manuel da Fonseca"
BRAZILIAN_LEADERF_NAME "Marqueza de Santos"
BRAZILIAN_COUNTRY_NAME "Brasile"
BRAZILIAN_SINGULAR "Brasiliano"
BRAZILIAN_PLURAL "Brasiliani"

BRAZILIAN_CITY_1 "Brasilia"
BRAZILIAN_CITY_2 "Rio De Janeiro"
BRAZILIAN_CITY_3 "Santos"
BRAZILIAN_CITY_4 "Porto Alegre"
BRAZILIAN_CITY_5 "Recife"
BRAZILIAN_CITY_6 "Laguna"
BRAZILIAN_CITY_7 "Caceres"
BRAZILIAN_CITY_8 "Guaiba"
BRAZILIAN_CITY_9 "Gramado"
BRAZILIAN_CITY_10 "Vitoria"
BRAZILIAN_CITY_11 "Sao Carlos"
BRAZILIAN_CITY_12 "Fortaleza"
BRAZILIAN_CITY_13 "Sao Luis"
BRAZILIAN_CITY_14 "Belo Horizonte"
BRAZILIAN_CITY_15 "Monte Verde"
BRAZILIAN_CITY_16 "Manaus"
BRAZILIAN_CITY_17 "Cotia"
BRAZILIAN_CITY_18 "Passo Fundo"
BRAZILIAN_CITY_19 "Macapa"
BRAZILIAN_CITY_20 "Itaitaia"
BRAZILIAN_CITY_21 "Joao Pessoa"
BRAZILIAN_CITY_22 "Osasco"
BRAZILIAN_CITY_23 "Bauru"
BRAZILIAN_CITY_24 "Saubara"
BRAZILIAN_CITY_25 "Rio Grande"
BRAZILIAN_CITY_26 "Pelotas"
BRAZILIAN_CITY_27 "Rio do Sul"
BRAZILIAN_CITY_28 "Ouro Preto"
BRAZILIAN_CITY_29 "Aracaju"
BRAZILIAN_CITY_30 "Sorocaba"
BRAZILIAN_CITY_31 "Campo Grande"
BRAZILIAN_CITY_32 "Goiania"
BRAZILIAN_CITY_33 "Ilheus"
BRAZILIAN_CITY_34 "Nanuque"
BRAZILIAN_CITY_35 "Sorocaba"
BRAZILIAN_CITY_36 "Uberlandia"
BRAZILIAN_CITY_37 "Campos"
BRAZILIAN_CITY_38 "Araxa"
BRAZILIAN_CITY_39 "Uberaba"
BRAZILIAN_CITY_40 "Maceio"
BRAZILIAN_CITY_41 "Cascavel"
BRAZILIAN_CITY_42 "Ponta Grossa"
BRAZILIAN_CITY_43 "Maringa"
BRAZILIAN_CITY_44 "Londrina"
BRAZILIAN_CITY_45 "Ibia"
BRAZILIAN_CITY_46 "Sete Lagoas"
BRAZILIAN_CITY_47 "Mossoro"
BRAZILIAN_CITY_48 "Rio Tinto"
BRAZILIAN_CITY_49 "Bage"
BRAZILIAN_CITY_50 "Erexim"


AUSTRALIA "Australiani"

AUSTRALIAN_LEADERM_NAME "Gough Whitlam"
AUSTRALIAN_LEADERF_NAME "Carmen Lawrence"
AUSTRALIAN_COUNTRY_NAME "Australia"
AUSTRALIAN_SINGULAR "Australiano"
AUSTRALIAN_PLURAL "Australiani"

AUSTRALIAN_CITY_1 "Canberra"
AUSTRALIAN_CITY_2 "Melbourne"
AUSTRALIAN_CITY_3 "Sydney"
AUSTRALIAN_CITY_4 "Brisbane"
AUSTRALIAN_CITY_5 "Newcastle"
AUSTRALIAN_CITY_6 "Botany Bay"
AUSTRALIAN_CITY_7 "Darwin"
AUSTRALIAN_CITY_8 "Perth"
AUSTRALIAN_CITY_9 "Hobart"
AUSTRALIAN_CITY_10 "Alice Springs"
AUSTRALIAN_CITY_11 "Longreach"
AUSTRALIAN_CITY_12 "Katherine"
AUSTRALIAN_CITY_13 "Adelaide"
AUSTRALIAN_CITY_14 "Ayr"
AUSTRALIAN_CITY_15 "Bega"
AUSTRALIAN_CITY_16 "Mount Isa"
AUSTRALIAN_CITY_17 "Cairns"
AUSTRALIAN_CITY_18 "Ultima"
AUSTRALIAN_CITY_19 "Coolangatta"
AUSTRALIAN_CITY_20 "Port Lincoln"
AUSTRALIAN_CITY_21 "Exmouth"
AUSTRALIAN_CITY_22 "Emu Plains"
AUSTRALIAN_CITY_23 "Tamworth"
AUSTRALIAN_CITY_24 "Woongoolba"
AUSTRALIAN_CITY_25 "Yarra"
AUSTRALIAN_CITY_26 "Hawkesbury"
AUSTRALIAN_CITY_27 "Lara"
AUSTRALIAN_CITY_28 "Wangaratta"
AUSTRALIAN_CITY_29 "Port Hedland"
AUSTRALIAN_CITY_30 "Redland"
AUSTRALIAN_CITY_31 "Auckland"
AUSTRALIAN_CITY_32 "Wellington"
AUSTRALIAN_CITY_33 "Christchurch"
AUSTRALIAN_CITY_34 "Dunedin"
AUSTRALIAN_CITY_35 "Carnarvon"
AUSTRALIAN_CITY_36 "Dampier"
AUSTRALIAN_CITY_37 "Rockhampton"
AUSTRALIAN_CITY_38 "Broken Hill"
AUSTRALIAN_CITY_39 "Townsville"
AUSTRALIAN_CITY_40 "Broome"
AUSTRALIAN_CITY_41 "Kupang"
AUSTRALIAN_CITY_42 "Dili"
AUSTRALIAN_CITY_43 "Daru"
AUSTRALIAN_CITY_44 "Merauke"
AUSTRALIAN_CITY_45 "Neumea"
AUSTRALIAN_CITY_46 "Rabaul"
AUSTRALIAN_CITY_47 "Birdsville"
AUSTRALIAN_CITY_48 "Suva"
AUSTRALIAN_CITY_49 "Jayapura"
AUSTRALIAN_CITY_50 "Derby"


MEXICAN "Messicani"

MEXICAN_LEADERM_NAME "Santa Anna"
MEXICAN_LEADERF_NAME "Juana Inés de la Cruz"
MEXICAN_COUNTRY_NAME "Messico"
MEXICAN_SINGULAR "Messicano"
MEXICAN_PLURAL "Messicani"

MEXICAN_CITY_1 "Città del Messico"
MEXICAN_CITY_2 "Guadalajara"
MEXICAN_CITY_3 "Veracruz"
MEXICAN_CITY_4 "Tampico"
MEXICAN_CITY_5 "Oaxaca"
MEXICAN_CITY_6 "Monterrey"
MEXICAN_CITY_7 "Tijuana"
MEXICAN_CITY_8 "Juarez"
MEXICAN_CITY_9 "Chihuahua"
MEXICAN_CITY_10 "Cabo San Lucas"
MEXICAN_CITY_11 "Ixtapa"
MEXICAN_CITY_12 "Hermosillo"
MEXICAN_CITY_13 "Cancun"
MEXICAN_CITY_14 "Tecate"
MEXICAN_CITY_15 "Nogales"
MEXICAN_CITY_16 "Mazatlan"
MEXICAN_CITY_17 "Nuevo Laredo"
MEXICAN_CITY_18 "Zacatlan"
MEXICAN_CITY_19 "Todos Santos"
MEXICAN_CITY_20 "Villahermosa"
MEXICAN_CITY_21 "Acapulco"
MEXICAN_CITY_22 "Rosarito"
MEXICAN_CITY_23 "Navajoa"
MEXICAN_CITY_24 "Isla Mujeres"
MEXICAN_CITY_25 "Akumal"
MEXICAN_CITY_26 "Chapala"
MEXICAN_CITY_27 "Queretaro"
MEXICAN_CITY_28 "Santa Catarina"
MEXICAN_CITY_29 "Guadalupe"
MEXICAN_CITY_30 "Zacatecas"
MEXICAN_CITY_31 "Merida"
MEXICAN_CITY_32 "Matamoros"
MEXICAN_CITY_33 "Puebla"
MEXICAN_CITY_34 "San Luis Potosi"
MEXICAN_CITY_35 "Parras"
MEXICAN_CITY_36 "Toreon"
MEXICAN_CITY_37 "Delicias"
MEXICAN_CITY_38 "Ciudad Juarez"
MEXICAN_CITY_39 "Guaymas"
MEXICAN_CITY_40 "La Paz"
MEXICAN_CITY_41 "Mexicali"
MEXICAN_CITY_42 "Empalme"
MEXICAN_CITY_43 "Tepic"
MEXICAN_CITY_44 "Rioverde"
MEXICAN_CITY_45 "Cardenas"
MEXICAN_CITY_46 "Poza Rica"
MEXICAN_CITY_47 "Los Reyes"
MEXICAN_CITY_48 "Sahuayo"
MEXICAN_CITY_49 "Fresnillo"
MEXICAN_CITY_50 "Saltillo"


ETHIOPIAN  "Etiopi"

ETHIOPIAN_LEADERM_NAME "Meles Zenawi"
ETHIOPIAN_LEADERF_NAME "Zauditu"
ETHIOPIAN_COUNTRY_NAME "Etiopia"
ETHIOPIAN_SINGULAR "Etiope"
ETHIOPIAN_PLURAL "Etiopi"

ETHIOPIAN_CITY_1 "Addis Abeba"
ETHIOPIAN_CITY_2 "Tana"
ETHIOPIAN_CITY_3 "Makale"
ETHIOPIAN_CITY_4 "Aksum"
ETHIOPIAN_CITY_5 "Massaua"
ETHIOPIAN_CITY_6 "Bako"
ETHIOPIAN_CITY_7 "Dolo"
ETHIOPIAN_CITY_8 "Maji"
ETHIOPIAN_CITY_9 "Harar"
ETHIOPIAN_CITY_10 "Geledi"
ETHIOPIAN_CITY_11 "Diredawa"
ETHIOPIAN_CITY_12 "Warrandab"
ETHIOPIAN_CITY_13 "Gore"
ETHIOPIAN_CITY_14 "Arba Minch"
ETHIOPIAN_CITY_15 "Asmera"
ETHIOPIAN_CITY_16 "Mek'ele"
ETHIOPIAN_CITY_17 "Jima"
ETHIOPIAN_CITY_18 "Bonga"
ETHIOPIAN_CITY_19 "Gonder"
ETHIOPIAN_CITY_20 "Sidamo"
ETHIOPIAN_CITY_21 "Harerge"
ETHIOPIAN_CITY_22 "Gamo Gofa"
ETHIOPIAN_CITY_23 "Bale"
ETHIOPIAN_CITY_24 "Gojam"
ETHIOPIAN_CITY_25 "Tigray"
ETHIOPIAN_CITY_26 "Welo"
ETHIOPIAN_CITY_27 "Welega"
ETHIOPIAN_CITY_28 "Kefa"
ETHIOPIAN_CITY_29 "Shewa"
ETHIOPIAN_CITY_30 "Arsi"
ETHIOPIAN_CITY_31 "Nagale"
ETHIOPIAN_CITY_32 "Dila"
ETHIOPIAN_CITY_33 "Mendi"
ETHIOPIAN_CITY_34 "Bati"
ETHIOPIAN_CITY_35 "Dembi Dolo"
ETHIOPIAN_CITY_36 "Samre"
ETHIOPIAN_CITY_37 "Dese"
ETHIOPIAN_CITY_38 "Dire"
ETHIOPIAN_CITY_39 "Jijiga"
ETHIOPIAN_CITY_40 "Dimtu"
ETHIOPIAN_CITY_41 "Oda"
ETHIOPIAN_CITY_42 "Were Ilu"
ETHIOPIAN_CITY_43 "Bete Hor"
ETHIOPIAN_CITY_44 "Debark"
ETHIOPIAN_CITY_45 "Tognuf"
ETHIOPIAN_CITY_46 "Elgena"
ETHIOPIAN_CITY_47 "Saatta"
ETHIOPIAN_CITY_48 "Afodo"
ETHIOPIAN_CITY_49 "Goha"
ETHIOPIAN_CITY_50 "Begi"


MONGOL "Mongoli"

MONGOL_LEADERM_NAME "Genghis Khan"
MONGOL_LEADERF_NAME "Bortei"
MONGOL_COUNTRY_NAME "Mongolia"
MONGOL_SINGULAR "Mongolo"
MONGOL_PLURAL "Mongoli"

MONGOL_CITY_1 "Karakorum"
MONGOL_CITY_2 "Khanbalyk"
MONGOL_CITY_3 "Ulan Bator"
MONGOL_CITY_4 "Dund-Us"
MONGOL_CITY_5 "Uliastay"
MONGOL_CITY_6 "Moron"
MONGOL_CITY_7 "Darhan"
MONGOL_CITY_8 "Dzuunharaa"
MONGOL_CITY_9 "Suhbaatar"
MONGOL_CITY_10 "Bulgan"
MONGOL_CITY_11 "Tsetserleg"
MONGOL_CITY_12 "Choybalsan"
MONGOL_CITY_13 "Dalandzadgad"
MONGOL_CITY_14 "Baruun Urt"
MONGOL_CITY_15 "Erdenet"
MONGOL_CITY_16 "Gushun Usu"
MONGOL_CITY_17 "Agaratu"
MONGOL_CITY_18 "Tamsog"
MONGOL_CITY_19 "Biger"
MONGOL_CITY_20 "Jibhalanta"
MONGOL_CITY_21 "Numurge"
MONGOL_CITY_22 "Muren"
MONGOL_CITY_23 "Darbi"
MONGOL_CITY_24 "Kerulen"
MONGOL_CITY_25 "Lung"
MONGOL_CITY_26 "Tamchi"
MONGOL_CITY_27 "Noyon"
MONGOL_CITY_28 "Obotuin"
MONGOL_CITY_29 "Ikhe Ude"
MONGOL_CITY_30 "Chikurting"
MONGOL_CITY_31 "Bayanhongor"
MONGOL_CITY_32 "Ulaan-Uul"
MONGOL_CITY_33 "Arvayhee"
MONGOL_CITY_34 "Ulaangom"
MONGOL_CITY_35 "Olgiy"
MONGOL_CITY_36 "Dzuunmod"
MONGOL_CITY_37 "Hodrogo"
MONGOL_CITY_38 "Erenhot"
MONGOL_CITY_39 "Eg"
MONGOL_CITY_40 "Bulag"
MONGOL_CITY_41 "Hatgal"
MONGOL_CITY_42 "Altraga"
MONGOL_CITY_43 "Bugat"
MONGOL_CITY_44 "Togrog"
MONGOL_CITY_45 "Rashaant"
MONGOL_CITY_46 "Talshand"
MONGOL_CITY_47 "Bayanteeg"
MONGOL_CITY_48 "Onjuul"
MONGOL_CITY_49 "Avraga"
MONGOL_CITY_50 "Ogoomor"


NICARAGUAN "Nicaraguesi"

NICARAGUAN_LEADERM_NAME "Montezuma II"
NICARAGUAN_LEADERF_NAME "Azzalleh"
NICARAGUAN_COUNTRY_NAME "Nicaragua"
NICARAGUAN_SINGULAR "Nicaraguese"
NICARAGUAN_PLURAL "Nicaraguesi"

NICARAGUAN_CITY_1 "Managua"
NICARAGUAN_CITY_2 "San Carlos "
NICARAGUAN_CITY_3 "Nueva Guinea"
NICARAGUAN_CITY_4 "Juigalpa"
NICARAGUAN_CITY_5 "Matagalpa"
NICARAGUAN_CITY_6 "La Rosita"
NICARAGUAN_CITY_7 "Rio Blanco"
NICARAGUAN_CITY_8 "Bonanza"
NICARAGUAN_CITY_9 "La Cruz"
NICARAGUAN_CITY_10 "Prinzapolka"
NICARAGUAN_CITY_11 "San Juan del Sur"
NICARAGUAN_CITY_12 "San Juan del Norte"
NICARAGUAN_CITY_13 "Rivas"
NICARAGUAN_CITY_14 "Ocotal"
NICARAGUAN_CITY_15 "Siuna"
NICARAGUAN_CITY_16 "Condega"
NICARAGUAN_CITY_17 "Chinandega"
NICARAGUAN_CITY_18 "Leimus"
NICARAGUAN_CITY_19 "Bocay"
NICARAGUAN_CITY_20 "Potosi"
NICARAGUAN_CITY_21 "Puerto Cabezas"
NICARAGUAN_CITY_22 "Rama"
NICARAGUAN_CITY_23 "Kukalaya"
NICARAGUAN_CITY_24 "Masaya"
NICARAGUAN_CITY_25 "Jinotega"
NICARAGUAN_CITY_26 "Waspam"
NICARAGUAN_CITY_27 "Leimus"
NICARAGUAN_CITY_28 "Teotecacinte"
NICARAGUAN_CITY_29 "Wiwill"
NICARAGUAN_CITY_30 "Granada"


AZTEC "Aztec"

AZTEC_LEADERM_NAME "Montezuma I"
AZTEC_LEADERF_NAME "Nazca"
AZTEC_COUNTRY_NAME "Aztec Empire"
AZTEC_SINGULAR "Aztec"
AZTEC_PLURAL "Aztecs"

AZTEC_CITY_1 "Tenochtitlan"
AZTEC_CITY_2 "Tlacopan"
AZTEC_CITY_3 "Texcoco"
AZTEC_CITY_4 "Xoloc"
AZTEC_CITY_5 "Tula"
AZTEC_CITY_6 "Huiztlan"
AZTEC_CITY_7 "Mitla"
AZTEC_CITY_8 "Tizayucan"
AZTEC_CITY_9 "Citlaltepec"
AZTEC_CITY_10 "Coyotepec"
AZTEC_CITY_11 "Cuautitlan"
AZTEC_CITY_12 "Xochimilco"
AZTEC_CITY_13 "Tezompa"
AZTEC_CITY_14 "Xico"
AZTEC_CITY_15 "Chalco"
AZTEC_CITY_16 "Chimalpan"
AZTEC_CITY_17 "Ixtapalucan"
AZTEC_CITY_18 "Atlapulco"
AZTEC_CITY_19 "Culhuacan"
AZTEC_CITY_20 "Xaloztoc"
AZTEC_CITY_21 "Tepeyacac"
AZTEC_CITY_22 "Tenayuacan"
AZTEC_CITY_23 "Azcapotzalco"
AZTEC_CITY_24 "Chapultepec"
AZTEC_CITY_25 "Ecatepe"
AZTEC_CITY_26 "Chiconautla"
AZTEC_CITY_27 "Tiayo"
AZTEC_CITY_28 "Tamiun"
AZTEC_CITY_29 "Tollantzinco"
AZTEC_CITY_30 "Zimapan"
AZTEC_CITY_31 "Atlacomulco"
AZTEC_CITY_32 "Malinalco"
AZTEC_CITY_33 "Teloloapan"
AZTEC_CITY_34 "Tetela"
AZTEC_CITY_35 "Nochcoc"
AZTEC_CITY_36 "Zacatula"
AZTEC_CITY_37 "Zaachila"
AZTEC_CITY_38 "Yanhuitlan"
AZTEC_CITY_39 "Quetzaltepec"
AZTEC_CITY_40 "Mixtlan"
AZTEC_CITY_41 "Orizaba"
AZTEC_CITY_42 "Jalapa"
AZTEC_CITY_43 "Ixhuacan"
AZTEC_CITY_44 "Cempoala"
AZTEC_CITY_45 "Tlaxcala"
AZTEC_CITY_46 "Xocotla"
AZTEC_CITY_47 "Cholula"
AZTEC_CITY_48 "Ixtayultan"
AZTEC_CITY_49 "Tututepec"
AZTEC_CITY_50 "Otumba"


NUBIAN "Nubia"

NUBIAN_LEADERM_NAME "Piankhi"
NUBIAN_LEADERF_NAME "Piankhi"
NUBIAN_COUNTRY_NAME "Nubia"
NUBIAN_SINGULAR "Nubian"
NUBIAN_PLURAL "Nubians"

NUBIAN_CITY_1 "Dongola"
NUBIAN_CITY_2 "Soba" 
NUBIAN_CITY_3 "Misratah"
NUBIAN_CITY_4 "Selima"
NUBIAN_CITY_5 "Illizi"
NUBIAN_CITY_6 "Tarabulus"
NUBIAN_CITY_7 "Skikda"
NUBIAN_CITY_8 "Shendi"
NUBIAN_CITY_9 "Gharyan"
NUBIAN_CITY_10 "Zaltan"
NUBIAN_CITY_11 "Sanam"
NUBIAN_CITY_12 "Kurgus"
NUBIAN_CITY_13 "el-Kurru"
NUBIAN_CITY_14 "Kawa"
NUBIAN_CITY_15 "Kumma"
NUBIAN_CITY_16 "Firka"
NUBIAN_CITY_17 "Nauri"
NUBIAN_CITY_18 "Tumbos"
NUBIAN_CITY_19 "Arlit"
NUBIAN_CITY_20 "Awbari"
NUBIAN_CITY_21 "Amara"
NUBIAN_CITY_22 "Sabha"
NUBIAN_CITY_23 "Waha"
NUBIAN_CITY_24 "Annaba"
NUBIAN_CITY_25 "Suakin"
NUBIAN_CITY_26 "Napata"
NUBIAN_CITY_27 "Sedeinga"
NUBIAN_CITY_28 "Kerma"
NUBIAN_CITY_29 "Setif"
NUBIAN_CITY_30 "Atbara"


ARABIAN "Arabian"

ARABIAN_LEADERM_NAME "Saladin"
ARABIAN_LEADERF_NAME "Saladina"
ARABIAN_COUNTRY_NAME "Arabia"
ARABIAN_SINGULAR "Arabian"
ARABIAN_PLURAL "Arabians"

ARABIAN_CITY_1 "Mecca"
ARABIAN_CITY_2 "Medina"
ARABIAN_CITY_3 "Riyadh"
ARABIAN_CITY_4 "Sana"
ARABIAN_CITY_5 "Adan"
ARABIAN_CITY_6 "Mosul"
ARABIAN_CITY_7 "Abu Dhabi"
ARABIAN_CITY_8 "Tripoli"
ARABIAN_CITY_9 "Tunis"
ARABIAN_CITY_10 "Fes"
ARABIAN_CITY_11 "Muscat"
ARABIAN_CITY_12 "Yanbu"
ARABIAN_CITY_13 "Khaybar"
ARABIAN_CITY_14 "Tayma'"
ARABIAN_CITY_15 "Ad Dawhah"
ARABIAN_CITY_16 "Qairouan"
ARABIAN_CITY_17 "Al Manamah"
ARABIAN_CITY_18 "Rafha"
ARABIAN_CITY_19 "Al Kuwayt"
ARABIAN_CITY_20 "Tabuk"
ARABIAN_CITY_21 "Jiddah"
ARABIAN_CITY_22 "At Ta'if"
ARABIAN_CITY_23 "Marrakech"
ARABIAN_CITY_24 "Ta'izz"
ARABIAN_CITY_25 "Tlemcen"
ARABIAN_CITY_26 "Al Hufuf"
ARABIAN_CITY_27 "Gabes"
ARABIAN_CITY_28 "Najran"
ARABIAN_CITY_29 "Ghadames"
ARABIAN_CITY_30 "Kufah"	
ARABIAN_CITY_31 "Benghazi"
ARABIAN_CITY_32 "Derna"
ARABIAN_CITY_33 "Misratah"
ARABIAN_CITY_34 "Surt"
ARABIAN_CITY_35 "Sfax"
ARABIAN_CITY_36 "Annaba"
ARABIAN_CITY_37 "Setif"
ARABIAN_CITY_38 "Oujda"
ARABIAN_CITY_39 "Touggourt"
ARABIAN_CITY_40 "Tubruq"
ARABIAN_CITY_41 "Al Marj"
ARABIAN_CITY_42 "Sousse"
ARABIAN_CITY_43 "Medenine"
ARABIAN_CITY_44 "Mahdia"
ARABIAN_CITY_45 "Safi"
ARABIAN_CITY_46 "Bechar"
ARABIAN_CITY_47 "Kenitra"
ARABIAN_CITY_48 "Tetouan"
ARABIAN_CITY_49 "Bizerte"
ARABIAN_CITY_50 "Al Bayda"


CARTHAGINIAN "Carthaginian"

CARTHAGINIAN_LEADERM_NAME "Hannibal"
CARTHAGINIAN_LEADERF_NAME "Dido"
CARTHAGINIAN_COUNTRY_NAME "Carthage"
CARTHAGINIAN_SINGULAR "Carthaginian"
CARTHAGINIAN_PLURAL "Carthaginians"

CARTHAGINIAN_CITY_1 "Carthage"
CARTHAGINIAN_CITY_2 "Utica"
CARTHAGINIAN_CITY_3 "Cartenna"
CARTHAGINIAN_CITY_4 "Leptis Parva"
CARTHAGINIAN_CITY_5 "Panormus"
CARTHAGINIAN_CITY_6 "Gades"
CARTHAGINIAN_CITY_7 "Carthago Nova"
CARTHAGINIAN_CITY_8 "Zareptha"
CARTHAGINIAN_CITY_9 "Sexi"
CARTHAGINIAN_CITY_10 "Cirta"
CARTHAGINIAN_CITY_11 "Hadrumetum"
CARTHAGINIAN_CITY_12 "Tipasa"
CARTHAGINIAN_CITY_13 "Rusicade"
CARTHAGINIAN_CITY_14 "Oea"
CARTHAGINIAN_CITY_15 "Himera"
CARTHAGINIAN_CITY_16 "Tharros"
CARTHAGINIAN_CITY_17 "Leptis Magna"
CARTHAGINIAN_CITY_18 "Lilybaecum"
CARTHAGINIAN_CITY_19 "Rusaddit"
CARTHAGINIAN_CITY_20 "Theveste"
CARTHAGINIAN_CITY_21 "Malaca"
CARTHAGINIAN_CITY_22 "Saguntum"
CARTHAGINIAN_CITY_23 "Caralis"
CARTHAGINIAN_CITY_24 "Eivissa"
CARTHAGINIAN_CITY_25 "Samal"
CARTHAGINIAN_CITY_26 "Rusucurru"
CARTHAGINIAN_CITY_27 "Tingis"
CARTHAGINIAN_CITY_28 "Selinus"
CARTHAGINIAN_CITY_29 "Sulcis"
CARTHAGINIAN_CITY_30 "Nora"
CARTHAGINIAN_CITY_31 "Citium"
CARTHAGINIAN_CITY_32 "Mainaca"
CARTHAGINIAN_CITY_33 "Mago"
CARTHAGINIAN_CITY_34 "Thenae"
CARTHAGINIAN_CITY_35 "Almunecar"
CARTHAGINIAN_CITY_36 "Eivissa"
CARTHAGINIAN_CITY_37 "Sabrata"
CARTHAGINIAN_CITY_38 "Alalia"
CARTHAGINIAN_CITY_39 "Thapsus"
CARTHAGINIAN_CITY_40 "Gadir"
CARTHAGINIAN_CITY_41 "Akragas"
CARTHAGINIAN_CITY_42 "Lixus"
CARTHAGINIAN_CITY_43 "Siga"
CARTHAGINIAN_CITY_44 "Girba"
CARTHAGINIAN_CITY_45 "Saldae"
CARTHAGINIAN_CITY_46 "Lambaese"
CARTHAGINIAN_CITY_47 "Aggar"
CARTHAGINIAN_CITY_48 "Thigimma"
CARTHAGINIAN_CITY_49 "Klupea"
CARTHAGINIAN_CITY_50 "Vegesala"


BABYLONIAN "Babylonian"

BABYLONIAN_LEADERM_NAME "Nebuchadnezzar"
BABYLONIAN_LEADERF_NAME "Ishtar"
BABYLONIAN_COUNTRY_NAME "Mesopotamia"
BABYLONIAN_SINGULAR "Babylonian"
BABYLONIAN_PLURAL "Babylonians"

BABYLONIAN_CITY_1 "Babylon"
BABYLONIAN_CITY_2 "Ur"
BABYLONIAN_CITY_3 "Nineveh"
BABYLONIAN_CITY_4 "Ellipi"
BABYLONIAN_CITY_5 "Akkad"
BABYLONIAN_CITY_6 "Eridu"
BABYLONIAN_CITY_7 "Agade"
BABYLONIAN_CITY_8 "Mari"
BABYLONIAN_CITY_9 "Samarra"
BABYLONIAN_CITY_10 "Lagash"
BABYLONIAN_CITY_11 "Kish"
BABYLONIAN_CITY_12 "Ebla"
BABYLONIAN_CITY_13 "Tuttul"
BABYLONIAN_CITY_14 "Ekallatum"
BABYLONIAN_CITY_15 "Simurrum"
BABYLONIAN_CITY_16 "Dur Kurigalzu"
BABYLONIAN_CITY_17 "Borsippa"
BABYLONIAN_CITY_18 "Opis"
BABYLONIAN_CITY_19 "Emar"
BABYLONIAN_CITY_20 "Tutub"
BABYLONIAN_CITY_21 "Shuruppak"
BABYLONIAN_CITY_22 "Pallukkatu"
BABYLONIAN_CITY_23 "Izibia"
BABYLONIAN_CITY_24 "Shubat Enlil"
BABYLONIAN_CITY_25 "Zariqum"
BABYLONIAN_CITY_26 "Shusharra"
BABYLONIAN_CITY_27 "Zamua"
BABYLONIAN_CITY_28 "Larsa"
BABYLONIAN_CITY_29 "Nimrud"
BABYLONIAN_CITY_30 "Khorsabad"
BABYLONIAN_CITY_31 "Karbala"
BABYLONIAN_CITY_32 "Hindana"
BABYLONIAN_CITY_33 "Akshak"
BABYLONIAN_CITY_34 "Urkish"
BABYLONIAN_CITY_35 "Umma"
BABYLONIAN_CITY_36 "Taima"
BABYLONIAN_CITY_37 "Telloh"
BABYLONIAN_CITY_38 "Adab"
BABYLONIAN_CITY_39 "Sabaritu"
BABYLONIAN_CITY_40 "Thilabus"
BABYLONIAN_CITY_41 "Urum"
BABYLONIAN_CITY_42 "Dahuk"
BABYLONIAN_CITY_43 "Erech"
BABYLONIAN_CITY_44 "Ilgin"
BABYLONIAN_CITY_45 "Tikrit"
BABYLONIAN_CITY_46 "Kisiga"
BABYLONIAN_CITY_47 "Dilbat"
BABYLONIAN_CITY_48 "Tell Wilaya"
BABYLONIAN_CITY_49 "Nina"


BYZANTINE "Byzantine"

BYZANTINE_LEADERM_NAME "Constantine"
BYZANTINE_LEADERF_NAME "Constantina"
BYZANTINE_COUNTRY_NAME "Byzantine Empire"
BYZANTINE_SINGULAR "Byzantine"
BYZANTINE_PLURAL "Byzantines"

BYZANTINE_CITY_1 "Constantinople"
BYZANTINE_CITY_2 "Ephesus"
BYZANTINE_CITY_3 "Seleucia"
BYZANTINE_CITY_4 "Antiochia"
BYZANTINE_CITY_5 "Trapezus"
BYZANTINE_CITY_6 "Sinope"
BYZANTINE_CITY_7 "Adrianople"
BYZANTINE_CITY_8 "Attalea"
BYZANTINE_CITY_9 "Tyrana"
BYZANTINE_CITY_10 "Ankara"
BYZANTINE_CITY_11 "Nicaea"
BYZANTINE_CITY_12 "Nicomedia"
BYZANTINE_CITY_13 "Gangra"
BYZANTINE_CITY_14 "Caesarea"
BYZANTINE_CITY_15 "Sebastia"
BYZANTINE_CITY_16 "Nicopolis"
BYZANTINE_CITY_17 "Cherson"
BYZANTINE_CITY_18 "Amasea"
BYZANTINE_CITY_19 "Teluch"
BYZANTINE_CITY_20 "Constantia"
BYZANTINE_CITY_21 "Zeugma"
BYZANTINE_CITY_22 "Sirmium"
BYZANTINE_CITY_23 "Abydus"
BYZANTINE_CITY_24 "Amorium"
BYZANTINE_CITY_25 "Kaffa"
BYZANTINE_CITY_26 "Iconium"
BYZANTINE_CITY_27 "Adalia"
BYZANTINE_CITY_28 "Modon"
BYZANTINE_CITY_29 "Famagusta"
BYZANTINE_CITY_30 "Brussa"
BYZANTINE_CITY_31 "Marcianopolis"
BYZANTINE_CITY_32 "Kars"
BYZANTINE_CITY_33 "Ani"
BYZANTINE_CITY_34 "Arabissos"
BYZANTINE_CITY_35 "Cotiaeum"
BYZANTINE_CITY_36 "Malagina"
BYZANTINE_CITY_37 "Helenopolis"
BYZANTINE_CITY_38 "Pylae"
BYZANTINE_CITY_39 "Melantias"
BYZANTINE_CITY_40 "Anchialus"
BYZANTINE_CITY_41 "Serdica"
BYZANTINE_CITY_42 "Scupi"
BYZANTINE_CITY_43 "Iadera"
BYZANTINE_CITY_44 "Avlona"
BYZANTINE_CITY_45 "Demetrias"
BYZANTINE_CITY_46 "Prusa"
BYZANTINE_CITY_47 "Arcadiopolis"
BYZANTINE_CITY_48 "Dorostolon"
BYZANTINE_CITY_49 "Manzikert"
BYZANTINE_CITY_50 "Heraclea"


AUSTRIAN "Austrian"

AUSTRIAN_LEADERM_NAME "Franz Joseph"
AUSTRIAN_LEADERF_NAME "Maria Theresa"
AUSTRIAN_COUNTRY_NAME "Austria"
AUSTRIAN_SINGULAR "Austrian"
AUSTRIAN_PLURAL "Austrians"

AUSTRIAN_CITY_1 "Wien"
AUSTRIAN_CITY_2 "Graz"
AUSTRIAN_CITY_3 "Linz"
AUSTRIAN_CITY_4 "Salzburg"
AUSTRIAN_CITY_5 "Praha"
AUSTRIAN_CITY_6 "Innsbruck"
AUSTRIAN_CITY_7 "Pilsen"
AUSTRIAN_CITY_8 "Brunn"
AUSTRIAN_CITY_9 "Pressburg"
AUSTRIAN_CITY_10 "Ostrau"
AUSTRIAN_CITY_11 "Troppau"
AUSTRIAN_CITY_12 "Wiener Neustadt"
AUSTRIAN_CITY_13 "Villach"
AUSTRIAN_CITY_14 "Wels"
AUSTRIAN_CITY_15 "St. Polten"
AUSTRIAN_CITY_16 "Fiume"
AUSTRIAN_CITY_17 "Trent"
AUSTRIAN_CITY_18 "Gorz"
AUSTRIAN_CITY_19 "Komorn"
AUSTRIAN_CITY_20 "Karlsburg"
AUSTRIAN_CITY_21 "Leoben"
AUSTRIAN_CITY_22 "Austerlitz"
AUSTRIAN_CITY_23 "Wagram"
AUSTRIAN_CITY_24 "Krems"
AUSTRIAN_CITY_25 "Klagenfurt"
AUSTRIAN_CITY_26 "Laibach"
AUSTRIAN_CITY_27 "Olmutz"
AUSTRIAN_CITY_28 "Admont"
AUSTRIAN_CITY_29 "Steyr"
AUSTRIAN_CITY_30 "Bressano"
AUSTRIAN_CITY_31 "Itter"
AUSTRIAN_CITY_32 "Werfen"
AUSTRIAN_CITY_33 "Ried"
AUSTRIAN_CITY_34 "Rohrbach"
AUSTRIAN_CITY_35 "Lembach"
AUSTRIAN_CITY_36 "Friestadt"
AUSTRIAN_CITY_37 "Gfohl"
AUSTRIAN_CITY_38 "Zobing"
AUSTRIAN_CITY_39 "Hollabrunn"
AUSTRIAN_CITY_40 "Maissau"
AUSTRIAN_CITY_41 "Neupolla"
AUSTRIAN_CITY_42 "Seefeld"
AUSTRIAN_CITY_43 "Matzen"
AUSTRIAN_CITY_44 "Durnkrut"
AUSTRIAN_CITY_45 "Asparn"
AUSTRIAN_CITY_46 "Poysdorf"
AUSTRIAN_CITY_47 "Edlitz"
AUSTRIAN_CITY_48 "Vorau"
AUSTRIAN_CITY_49 "Gaming"
AUSTRIAN_CITY_50 "Ludz"


SWEDISH "Swedish"

SWEDISH_LEADERM_NAME "Gustavus Adolphus"
SWEDISH_LEADERF_NAME "Anna Lindh"
SWEDISH_COUNTRY_NAME "Sweden"
SWEDISH_SINGULAR "Swedish"
SWEDISH_PLURAL "Swedes"

SWEDISH_CITY_1 "Stockholm"
SWEDISH_CITY_2 "Goteborg"
SWEDISH_CITY_3 "Malmo"
SWEDISH_CITY_4 "Vasteras"
SWEDISH_CITY_5 "Norrkoping"
SWEDISH_CITY_6 "Linkoping"
SWEDISH_CITY_7 "Orebro"
SWEDISH_CITY_8 "Jonkoping"
SWEDISH_CITY_9 "Uppsala"
SWEDISH_CITY_10 "Helsingborg"
SWEDISH_CITY_11 "Karlstad"
SWEDISH_CITY_12 "Umea"
SWEDISH_CITY_13 "Lulea"
SWEDISH_CITY_14 "Kiruna"
SWEDISH_CITY_15 "Kalmar"
SWEDISH_CITY_16 "Karlskrona"
SWEDISH_CITY_17 "Ronneby"
SWEDISH_CITY_18 "Karlshamn"
SWEDISH_CITY_19 "Solvesborg"
SWEDISH_CITY_20 "Kristianstad"
SWEDISH_CITY_21 "Trelleborg"
SWEDISH_CITY_22 "Ystad"
SWEDISH_CITY_23 "Vanern"
SWEDISH_CITY_24 "Vaxjo"
SWEDISH_CITY_25 "Varberg"
SWEDISH_CITY_26 "Eskilstuna"
SWEDISH_CITY_27 "Morrum"
SWEDISH_CITY_28 "Koping"
SWEDISH_CITY_29 "Enkoping"
SWEDISH_CITY_30 "Gronkoping"
SWEDISH_CITY_31 "Solleftea"
SWEDISH_CITY_32 "Kramfors"
SWEDISH_CITY_33 "Ostersund"
SWEDISH_CITY_34 "Vojman"
SWEDISH_CITY_35 "Savar"
SWEDISH_CITY_36 "Bygdea"
SWEDISH_CITY_37 "Sikea"
SWEDISH_CITY_38 "Lycksele"
SWEDISH_CITY_39 "Vinliden"
SWEDISH_CITY_40 "Stensele"
SWEDISH_CITY_41 "Storuman"
SWEDISH_CITY_42 "Kvikkjokk"
SWEDISH_CITY_43 "Anttis"
SWEDISH_CITY_44 "Pajala"
SWEDISH_CITY_45 "Voxna"
SWEDISH_CITY_46 "Falun"
SWEDISH_CITY_47 "Laxa"
SWEDISH_CITY_48 "Mjolby"
SWEDISH_CITY_49 "Malilla"
SWEDISH_CITY_50 "Kristdala"


CELTIC "Celtic"

CELTIC_LEADERM_NAME "Arthur"
CELTIC_LEADERF_NAME "Morgana"
CELTIC_COUNTRY_NAME "Celtic Empire"
CELTIC_SINGULAR "Celt"
CELTIC_PLURAL "Celts"

CELTIC_CITY_1 "Numantia"
CELTIC_CITY_2 "Calleva"
CELTIC_CITY_3 "Pentraeth"
CELTIC_CITY_4 "Brecon"
CELTIC_CITY_5 "Caerphilly"
CELTIC_CITY_6 "Pontypridd"
CELTIC_CITY_7 "Narberth"
CELTIC_CITY_8 "Llandow"
CELTIC_CITY_9 "Cwmbran"
CELTIC_CITY_10 "Pembroke"
CELTIC_CITY_11 "Dinas Emrys"
CELTIC_CITY_12 "Llandarcy"
CELTIC_CITY_13 "Llanelli"
CELTIC_CITY_14 "Beddgelert"
CELTIC_CITY_15 "Abertillery"
CELTIC_CITY_16 "Porth"
CELTIC_CITY_17 "Lampeter"
CELTIC_CITY_18 "Abergavenny"
CELTIC_CITY_19 "Llangollen"
CELTIC_CITY_20 "Ebbw Vale"
CELTIC_CITY_21 "Chepstow"
CELTIC_CITY_22 "Llandybie"
CELTIC_CITY_23 "Denbigh"
CELTIC_CITY_24 "Pembrey"
CELTIC_CITY_25 "Tresaith"
CELTIC_CITY_26 "Taffs Well"
CELTIC_CITY_27 "Penarth"
CELTIC_CITY_28 "Caernarfon"
CELTIC_CITY_29 "Llandudno"
CELTIC_CITY_30 "Gwaelod"
CELTIC_CITY_31 "Neath"
CELTIC_CITY_32 "Rhayader"
CELTIC_CITY_33 "Maesteg"
CELTIC_CITY_34 "Armagh"
CELTIC_CITY_35 "Aberystwyth"
CELTIC_CITY_36 "Scordisca"
CELTIC_CITY_37 "Senones"
CELTIC_CITY_38 "Iceni"
CELTIC_CITY_39 "Veneti"
CELTIC_CITY_40 "Hallein"
CELTIC_CITY_41 "Arras"
CELTIC_CITY_42 "Navan"
CELTIC_CITY_43 "Tintagel"
CELTIC_CITY_44 "Rhondda"
CELTIC_CITY_45 "Illauntanig"
CELTIC_CITY_46 "Durrow"
CELTIC_CITY_47 "Merthyr"
CELTIC_CITY_48 "Tara"
CELTIC_CITY_49 "Nefyn"
CELTIC_CITY_50 "Dinas Powys"

